sale_id,order_id,product_id,quantity,discount,total_amount
S000001,O00562,P016,2,0.0,79.98
S000002,O00689,P016,2,0.15,67.98
S000003,O00947,P006,2,0.2,127.98
S000004,O00608,P013,2,0.2,319.49
S000005,O00617,P015,4,0.1,46.76
S000006,O00420,P012,2,0.15,61.18
S000007,O00250,P002,3,0.15,509.97
S000008,O00117,P018,1,0.2,55.99
S000009,O00866,P009,4,0.15,50.97
S000010,O00512,P004,4,0.05,113.96
S000011,O00740,P007,2,0.1,46.78
S000012,O00578,P001,1,0.0,49.99
S000013,O00335,P002,3,0.0,599.97
S000014,O00418,P014,2,0.0,89.98
S000015,O00932,P001,1,0.0,49.99
S000016,O00774,P007,2,0.0,51.98
S000017,O00295,P009,2,0.15,25.48
S000018,O00938,P001,2,0.0,99.98
S000019,O00755,P020,2,0.0,79.98
S000020,O00371,P003,2,0.0,69.98
S000021,O00186,P005,2,0.0,179.98
S000022,O00246,P005,2,0.0,179.98
S000023,O00637,P003,3,0.2,83.98
S000024,O00268,P001,4,0.05,189.96
S000025,O00643,P013,3,0.2,45.58
S000026,O00237,P020,2,0.15,67.98
S000027,O00530,P003,2,0.15,59.48
S000028,O00552,P012,3,0.15,91.77
S000029,O00021,P014,3,0.1,121.47
S000030,O00911,P017,4,0.0,59.96
S000031,O00737,P007,3,0.05,74.07
S000032,O00867,P005,4,0.0,359.96
S000033,O00794,P005,2,0.05,170.98
S000034,O00520,P013,1,0.0,18.99
S000035,O00100,P016,1,0.0,39.99
S000036,O00752,P003,1,0.2,27.99
S000037,O00478,P006,1,0.0,79.99
S000038,O00599,P018,2,0.0,139.98
S000039,O00298,P016,1,0.2,31.99
S000040,O00940,P020,3,0.0,119.97
S000041,O00526,P014,3,0.05,128.22
S000042,O00334,P006,1,0.2,63.99
S000043,O00002,P010,3,0.1,161.97
S000044,O00375,P012,4,0.05,136.76
S000045,O00293,P001,2,0.0,99.98
S000046,O00837,P009,1,0.1,13.49
S000047,O00934,P013,1,0.0,18.99
S000048,O00553,P002,2,0.1,359.98
S000049,O00318,P015,3,0.05,37.02
S000050,O00502,P010,2,0.0,119.98
S000051,O00828,P019,2,0.0,259.98
S000052,O00381,P001,3,0.05,142.47
S000053,O00623,P004,2,0.0,59.98
S000054,O00014,P011,3,0.1,62.07
S000055,O00504,P005,3,0.0,269.97
S000056,O00231,P013,2,0.05,36.08
S000057,O00985,P014,4,0.0,179.96
S000058,O00084,P002,3,0.2,479.98
S000059,O00130,P009,2,0.1,26.98
S000060,O00743,P009,3,0.05,42.72
S000061,O00838,P006,4,0.0,319.96
S000062,O00145,P019,4,0.05,493.96
S000063,O00891,P016,1,0.1,35.99
S000064,O00857,P013,3,0.05,54.12
S000065,O00028,P013,3,0.0,56.97
S000066,O00066,P008,2,0.1,35.98
S000067,O00163,P018,3,0.05,199.47
S000068,O00229,P013,1,0.2,15.19
S000069,O00261,P013,4,0.0,75.96
S000070,O00449,P017,4,0.05,56.96
S000071,O00424,P004,1,0.0,29.99
S000072,O00460,P016,3,0.0,119.97
S000073,O00952,P003,3,0.2,83.98
S000074,O00676,P006,1,0.0,79.99
S000075,O00301,P006,2,0.2,127.98
S000076,O00919,P020,4,0.0,159.96
S000077,O00303,P017,1,0.0,14.99
S000078,O00287,P013,1,0.0,18.99
S000079,O00395,P013,3,0.1,51.27
S000080,O00010,P010,4,0.0,239.96
S000081,O00707,P019,3,0.2,311.98
S000082,O00630,P008,1,0.0,19.99
S000083,O00270,P006,2,0.05,151.98
S000084,O00592,P002,4,0.0,799.96
S000085,O00970,P015,1,0.0,12.99
S000086,O00605,P014,1,0.0,44.99
S000087,O00778,P006,2,0.1,143.98
S000088,O00844,P001,1,0.0,49.99
S000089,O00862,P016,1,0.1,485.85
S000090,O00361,P001,4,0.0,199.96
S000091,O00257,P013,4,0.0,75.96
S000092,O00133,P020,4,0.05,151.96
S000093,O00276,P007,3,0.1,70.17
S000094,O00776,P004,2,0.1,53.98
S000095,O00683,P013,4,0.0,75.96
S000096,O00972,P016,3,0.0,119.97
S000097,O00513,P009,3,0.05,42.72
S000098,O00313,P020,2,0.0,79.98
S000099,O00576,P001,2,0.15,84.98
S000100,O00886,P009,1,0.0,14.99
S000101,O00980,P013,3,0.0,56.97
S000102,O00284,P017,4,0.0,59.96
S000103,O00121,P003,2,0.15,59.48
S000104,O00107,P016,3,0.0,119.97
S000105,O00933,P009,4,0.2,47.97
S000106,O00687,P006,3,0.1,215.97
S000107,O00997,P002,2,0.0,399.98
S000108,O00204,P017,1,0.2,11.99
S000109,O00165,P002,3,0.05,569.97
S000110,O00305,P005,4,0.1,323.96
S000111,O00497,P005,2,0.1,161.98
S000112,O00632,P018,1,0.0,69.99
S000113,O00556,P012,4,0.2,115.17
S000114,O00824,P016,4,0.1,143.96
S000115,O00156,P004,4,0.0,119.96
S000116,O00367,P011,3,0.0,68.97
S000117,O00719,P010,2,0.0,119.98
S000118,O00902,P016,4,0.0,159.96
S000119,O00620,P018,3,0.15,178.47
S000120,O00251,P001,2,0.0,99.98
S000121,O00957,P012,2,0.0,71.98
S000122,O00916,P001,3,0.1,134.97
S000123,O00882,P009,3,0.2,35.98
S000124,O00334,P004,4,0.2,95.97
S000125,O00642,P005,2,0.05,170.98
S000126,O00969,P006,1,0.0,79.99
S000127,O00511,P011,3,0.0,68.97
S000128,O00293,P006,2,0.05,151.98
S000129,O00020,P014,2,0.1,80.98
S000130,O00282,P007,4,0.15,88.37
S000131,O00797,P001,1,0.0,567.87
S000132,O00001,P015,4,0.15,44.17
S000133,O00119,P004,1,0.0,29.99
S000134,O00035,P007,1,0.15,22.09
S000135,O00198,P012,3,0.15,91.77
S000136,O00485,P006,2,0.0,159.98
S000137,O00757,P001,2,0.0,99.98
S000138,O00059,P006,2,0.0,159.98
S000139,O00837,P019,1,0.15,110.49
S000140,O00161,P011,2,0.05,43.68
S000141,O00691,P012,3,0.0,107.97
S000142,O00206,P011,1,0.1,20.69
S000143,O00012,P003,1,0.15,29.74
S000144,O00490,P007,1,0.0,25.99
S000145,O00276,P014,1,0.05,42.74
S000146,O00693,P002,3,0.2,479.98
S000147,O00242,P004,2,0.0,59.98
S000148,O00216,P004,3,0.15,76.47
S000149,O00251,P007,2,0.2,41.58
S000150,O00811,P020,3,0.0,119.97
S000151,O00126,P001,4,0.0,199.96
S000152,O00994,P009,4,0.1,53.96
S000153,O00217,P003,4,0.1,125.96
S000154,O00306,P020,4,0.15,135.97
S000155,O00797,P002,1,0.2,159.99
S000156,O00185,P006,1,0.2,63.99
S000157,O00039,P014,3,0.0,134.97
S000158,O00223,P013,3,0.15,48.42
S000159,O00184,P007,4,0.0,103.96
S000160,O00495,P006,2,0.1,143.98
S000161,O00427,P006,4,0.05,303.96
S000162,O00178,P004,3,0.0,89.97
S000163,O00919,P003,4,0.0,139.96
S000164,O00428,P008,3,0.0,59.97
S000165,O00294,P004,4,0.2,95.97
S000166,O00852,P004,2,0.1,53.98
S000167,O00151,P012,4,0.0,143.96
S000168,O00384,P020,2,0.0,79.98
S000169,O00638,P011,2,0.0,45.98
S000170,O00813,P001,3,0.05,142.47
S000171,O00308,P001,2,0.0,99.98
S000172,O00336,P019,1,0.0,129.99
S000173,O00946,P005,1,0.05,85.49
S000174,O00746,P001,1,0.0,49.99
S000175,O00892,P011,3,0.2,55.18
S000176,O00375,P011,1,0.1,20.69
S000177,O00008,P011,3,0.1,62.07
S000178,O00341,P004,3,0.0,89.97
S000179,O00129,P001,1,0.0,49.99
S000180,O00776,P020,2,0.0,79.98
S000181,O00669,P004,4,0.1,107.96
S000182,O00352,P012,3,0.0,107.97
S000183,O00358,P013,1,0.1,17.09
S000184,O00517,P011,3,0.05,65.52
S000185,O00495,P005,2,0.2,143.98
S000186,O00086,P004,2,0.2,47.98
S000187,O00175,P011,1,0.15,19.54
S000188,O00802,P018,3,0.1,188.97
S000189,O00193,P019,4,0.1,467.96
S000190,O00311,P002,4,0.2,639.97
S000191,O00119,P002,3,0.15,509.97
S000192,O00218,P019,3,0.05,370.47
S000193,O00427,P014,3,0.0,134.97
S000194,O00970,P018,1,0.1,62.99
S000195,O00414,P003,2,0.2,55.98
S000196,O00114,P010,4,0.0,239.96
S000197,O00978,P013,1,0.1,17.09
S000198,O00145,P012,3,0.0,107.97
S000199,O00538,P007,3,0.05,74.07
S000200,O00648,P001,2,0.1,89.98
S000201,O00303,P010,3,0.2,143.98
S000202,O00744,P004,1,0.05,28.49
S000203,O00881,P007,1,0.05,24.69
S000204,O00588,P019,2,0.0,259.98
S000205,O00987,P006,1,0.1,71.99
S000206,O00840,P016,4,0.0,159.96
S000207,O00345,P003,1,0.0,34.99
S000208,O00814,P012,1,0.1,32.39
S000209,O00964,P020,1,0.15,33.99
S000210,O00801,P002,4,0.0,799.96
S000211,O00001,P001,3,0.0,149.97
S000212,O00147,P007,1,0.0,25.99
S000213,O00287,P001,2,0.0,99.98
S000214,O00976,P014,4,0.05,170.96
S000215,O00654,P018,2,0.2,111.98
S000216,O00053,P007,1,0.15,22.09
S000217,O00304,P004,2,0.0,59.98
S000218,O00069,P007,1,0.0,25.99
S000219,O00361,P013,4,0.0,75.96
S000220,O00602,P001,2,0.05,94.98
S000221,O00958,P010,2,0.1,107.98
S000222,O00220,P011,1,0.1,20.69
S000223,O00962,P011,1,0.2,18.39
S000224,O00704,P004,3,0.2,71.98
S000225,O00966,P013,1,0.0,18.99
S000226,O00575,P001,1,0.2,39.99
S000227,O00585,P003,3,0.0,104.97
S000228,O00161,P018,1,0.15,59.49
S000229,O00681,P014,1,0.2,35.99
S000230,O00089,P001,3,0.05,142.47
S000231,O00688,P004,4,0.0,119.96
S000232,O00781,P003,4,0.05,132.96
S000233,O00585,P004,1,0.0,29.99
S000234,O00757,P004,1,0.0,29.99
S000235,O00589,P001,3,0.0,149.97
S000236,O00159,P007,3,0.0,77.97
S000237,O00489,P014,4,0.05,170.96
S000238,O00971,P011,2,0.0,45.98
S000239,O00324,P012,1,0.0,35.99
S000240,O00610,P001,2,0.0,99.98
S000241,O00381,P019,2,0.0,259.98
S000242,O00102,P016,3,0.0,119.97
S000243,O00494,P016,1,0.0,39.99
S000244,O00644,P016,1,0.15,33.99
S000245,O00614,P019,3,0.1,350.97
S000246,O00019,P009,2,0.0,29.98
S000247,O00454,P003,3,0.0,104.97
S000248,O00482,P011,4,0.0,91.96
S000249,O00594,P014,1,0.0,44.99
S000250,O00397,P014,4,0.0,179.96
S000251,O00279,P009,3,0.1,40.47
S000252,O00851,P001,1,0.0,49.99
S000253,O00365,P006,4,0.2,255.97
S000254,O00331,P018,4,0.2,223.97
S000255,O00641,P010,2,0.1,107.98
S000256,O00344,P009,1,0.0,14.99
S000257,O00822,P004,4,0.0,119.96
S000258,O00455,P006,4,0.2,255.97
S000259,O00601,P018,2,0.15,118.98
S000260,O00725,P012,4,0.0,143.96
S000261,O00655,P015,4,0.0,51.96
S000262,O00065,P007,4,0.1,93.56
S000263,O00076,P011,2,0.2,36.78
S000264,O00711,P004,4,0.05,113.96
S000265,O00143,P013,4,0.0,75.96
S000266,O00917,P007,1,0.1,23.39
S000267,O00915,P007,1,0.0,25.99
S000268,O00828,P011,2,0.0,45.98
S000269,O00605,P019,3,0.0,389.97
S000270,O00473,P001,1,0.0,49.99
S000271,O00417,P016,2,0.0,79.98
S000272,O00305,P005,4,0.0,359.96
S000273,O00736,P007,4,0.15,88.37
S000274,O00497,P001,2,0.05,94.98
S000275,O00291,P005,4,0.0,359.96
S000276,O00940,P009,4,0.0,59.96
S000277,O00102,P001,3,0.0,149.97
S000278,O00986,P008,4,0.1,71.96
S000279,O00267,P019,1,0.15,110.49
S000280,O00867,P002,4,0.0,799.96
S000281,O00968,P014,2,0.05,85.48
S000282,O00622,P007,3,0.0,77.97
S000283,O00974,P012,4,0.15,122.37
S000284,O00842,P004,2,0.05,56.98
S000285,O00962,P002,1,0.15,169.99
S000286,O00942,P002,4,0.05,759.96
S000287,O00777,P001,3,0.0,149.97
S000288,O00003,P003,4,0.2,111.97
S000289,O00085,P012,2,0.0,71.98
S000290,O00794,P018,3,0.0,209.97
S000291,O00328,P016,4,0.0,159.96
S000292,O00816,P012,1,0.05,458.94
S000293,O00450,P002,3,0.0,599.97
S000294,O00454,P005,1,0.2,71.99
S000295,O00924,P005,2,0.1,161.98
S000296,O00629,P004,4,0.1,107.96
S000297,O00221,P009,1,0.0,14.99
S000298,O00154,P009,2,0.0,29.98
S000299,O00665,P006,4,0.0,319.96
S000300,O00012,P006,2,0.1,143.98
S000301,O00133,P016,1,0.05,37.99
S000302,O00994,P016,2,0.15,67.98
S000303,O00304,P005,3,0.0,269.97
S000304,O00293,P018,4,0.15,237.97
S000305,O00975,P019,2,0.0,259.98
S000306,O00300,P005,1,0.1,80.99
S000307,O00740,P006,4,0.2,255.97
S000308,O00783,P009,3,0.0,44.97
S000309,O00043,P019,4,0.2,415.97
S000310,O00944,P018,3,0.2,167.98
S000311,O00343,P002,4,0.1,719.96
S000312,O00326,P006,2,0.05,151.98
S000313,O00814,P009,2,0.0,29.98
S000314,O00498,P009,1,0.0,14.99
S000315,O00364,P003,3,0.15,89.22
S000316,O00891,P017,1,0.05,14.24
S000317,O00427,P012,2,0.15,61.18
S000318,O00021,P016,3,0.0,119.97
S000319,O00407,P017,1,0.0,14.99
S000320,O00619,P014,1,0.05,42.74
S000321,O00336,P007,1,0.05,24.69
S000322,O00815,P011,1,0.15,19.54
S000323,O00117,P002,1,0.0,199.99
S000324,O00124,P012,3,0.0,107.97
S000325,O00399,P003,1,0.15,29.74
S000326,O00793,P013,3,0.05,54.12
S000327,O00804,P003,1,0.0,34.99
S000328,O00715,P002,2,0.05,379.98
S000329,O00051,P002,2,0.1,359.98
S000330,O00783,P001,1,0.0,49.99
S000331,O00324,P013,4,0.0,75.96
S000332,O00789,P014,2,0.05,85.48
S000333,O00141,P009,3,0.0,44.97
S000334,O00470,P002,1,0.0,199.99
S000335,O00787,P001,3,0.1,134.97
S000336,O00802,P001,4,0.15,169.97
S000337,O00334,P002,1,0.0,199.99
S000338,O00893,P018,2,0.0,139.98
S000339,O00964,P004,3,0.0,89.97
S000340,O00373,P006,2,0.0,159.98
S000341,O00564,P002,2,0.0,399.98
S000342,O00494,P003,1,0.05,33.24
S000343,O00539,P009,3,0.0,44.97
S000344,O00669,P011,4,0.1,82.76
S000345,O00751,P004,2,0.0,59.98
S000346,O00156,P001,1,0.1,44.99
S000347,O00291,P006,1,0.0,79.99
S000348,O00648,P004,4,0.0,119.96
S000349,O00144,P003,1,0.0,34.99
S000350,O00106,P019,2,0.05,246.98
S000351,O00420,P011,1,0.15,19.54
S000352,O00670,P009,3,0.0,44.97
S000353,O00658,P007,3,0.2,62.38
S000354,O00002,P007,2,0.1,46.78
S000355,O00945,P009,3,0.0,44.97
S000356,O00589,P013,4,0.0,75.96
S000357,O00644,P013,1,0.0,18.99
S000358,O00090,P002,2,0.0,399.98
S000359,O00345,P009,4,0.0,59.96
S000360,O00350,P007,1,0.0,25.99
S000361,O00459,P018,4,0.15,237.97
S000362,O00263,P011,2,0.1,411.18
S000363,O00351,P009,2,0.0,29.98
S000364,O00108,P002,4,0.0,799.96
S000365,O00586,P011,1,0.0,22.99
S000366,O00039,P002,3,0.0,599.97
S000367,O00909,P006,3,0.1,215.97
S000368,O00159,P002,4,0.2,639.97
S000369,O00583,P012,2,0.0,71.98
S000370,O00959,P003,1,0.0,34.99
S000371,O00312,P006,1,0.0,79.99
S000372,O00241,P018,2,0.1,125.98
S000373,O00938,P003,3,0.2,83.98
S000374,O00445,P009,1,0.0,14.99
S000375,O00298,P007,4,0.2,83.17
S000376,O00952,P001,3,0.0,149.97
S000377,O00036,P016,4,0.1,143.96
S000378,O00084,P001,3,0.0,149.97
S000379,O00452,P008,2,0.2,31.98
S000380,O00886,P010,4,0.2,191.97
S000381,O00775,P011,4,0.2,73.57
S000382,O00822,P012,2,0.15,871.15
S000383,O00385,P004,4,0.0,119.96
S000384,O00172,P001,3,0.2,119.98
S000385,O00376,P013,1,0.15,16.14
S000386,O00685,P009,1,0.0,14.99
S000387,O00362,P016,2,0.1,71.98
S000388,O00559,P016,3,0.2,95.98
S000389,O00891,P016,4,0.0,159.96
S000390,O00141,P008,4,0.15,67.97
S000391,O00887,P006,1,0.15,67.99
S000392,O00918,P016,4,0.0,159.96
S000393,O00118,P007,1,0.05,24.69
S000394,O00277,P003,2,0.1,62.98
S000395,O00726,P017,4,0.05,56.96
S000396,O00220,P018,3,0.0,209.97
S000397,O00905,P008,4,0.1,71.96
S000398,O00026,P001,1,0.0,49.99
S000399,O00521,P006,2,0.0,159.98
S000400,O00783,P016,1,0.1,35.99
S000401,O00010,P018,4,0.1,251.96
S000402,O00984,P003,1,0.05,33.24
S000403,O00378,P001,1,0.0,49.99
S000404,O00633,P018,2,0.0,139.98
S000405,O00637,P006,3,0.0,239.97
S000406,O00682,P009,4,0.0,59.96
S000407,O00584,P020,2,0.0,79.98
S000408,O00152,P001,3,0.15,127.47
S000409,O00720,P011,1,0.0,22.99
S000410,O00049,P001,3,0.05,142.47
S000411,O00154,P006,1,0.0,79.99
S000412,O00859,P016,1,0.0,39.99
S000413,O00293,P007,2,0.0,51.98
S000414,O00580,P020,1,0.0,39.99
S000415,O00050,P010,2,0.1,107.98
S000416,O00664,P005,3,0.2,215.98
S000417,O00531,P003,3,0.0,104.97
S000418,O00612,P006,1,0.05,75.99
S000419,O00060,P006,2,0.1,143.98
S000420,O00167,P001,1,0.0,49.99
S000421,O00202,P006,2,0.0,159.98
S000422,O00857,P008,2,0.15,33.98
S000423,O00146,P013,2,0.0,37.98
S000424,O00915,P012,3,0.1,97.17
S000425,O00676,P013,2,0.15,32.28
S000426,O00970,P001,3,0.0,149.97
S000427,O00993,P003,2,0.2,55.98
S000428,O00439,P012,3,0.2,86.38
S000429,O00242,P008,4,0.15,67.97
S000430,O00581,P001,3,0.0,149.97
S000431,O00687,P016,3,0.1,107.97
S000432,O00561,P015,1,0.1,11.69
S000433,O00483,P009,2,0.2,23.98
S000434,O00108,P001,4,0.0,199.96
S000435,O00226,P014,1,0.15,38.24
S000436,O00673,P010,2,0.0,119.98
S000437,O00631,P015,4,0.0,51.96
S000438,O00661,P014,4,0.1,161.96
S000439,O00977,P016,4,0.0,159.96
S000440,O00662,P009,2,0.0,29.98
S000441,O00432,P002,4,0.2,639.97
S000442,O00805,P012,4,0.1,129.56
S000443,O00655,P011,1,0.1,20.69
S000444,O00419,P014,3,0.15,114.72
S000445,O00988,P002,2,0.0,399.98
S000446,O00455,P003,3,0.2,83.98
S000447,O00160,P018,1,0.15,59.49
S000448,O00523,P014,3,0.05,128.22
S000449,O00650,P018,4,0.0,279.96
S000450,O00969,P014,4,0.0,179.96
S000451,O00590,P011,2,0.05,43.68
S000452,O00077,P012,2,0.0,71.98
S000453,O00509,P018,2,0.0,139.98
S000454,O00441,P010,1,0.1,53.99
S000455,O00254,P011,2,0.0,45.98
S000456,O00921,P002,1,0.15,169.99
S000457,O00770,P008,4,0.0,79.96
S000458,O00320,P013,3,0.1,51.27
S000459,O00803,P004,4,0.0,119.96
S000460,O00263,P003,4,0.0,139.96
S000461,O00597,P005,4,0.0,359.96
S000462,O00658,P004,2,0.05,56.98
S000463,O00835,P003,2,0.05,66.48
S000464,O00554,P007,2,0.1,46.78
S000465,O00374,P018,3,0.1,188.97
S000466,O00637,P009,2,0.2,23.98
S000467,O00167,P003,1,0.1,31.49
S000468,O00937,P001,4,0.0,199.96
S000469,O00753,P013,3,0.0,56.97
S000470,O00459,P006,3,0.15,203.97
S000471,O00999,P016,3,0.2,95.98
S000472,O00280,P012,3,0.2,86.38
S000473,O00700,P016,3,0.2,95.98
S000474,O00302,P004,1,0.1,26.99
S000475,O00531,P013,4,0.1,68.36
S000476,O00580,P004,3,0.0,89.97
S000477,O00218,P019,4,0.15,441.97
S000478,O00102,P011,2,0.0,45.98
S000479,O00554,P005,3,0.15,229.47
S000480,O00288,P004,3,0.0,89.97
S000481,O00167,P003,4,0.0,139.96
S000482,O00621,P013,3,0.1,51.27
S000483,O00036,P003,3,0.0,104.97
S000484,O00744,P010,3,0.0,179.97
S000485,O00741,P004,1,0.1,26.99
S000486,O00353,P012,1,0.2,28.79
S000487,O00676,P016,3,0.1,107.97
S000488,O00899,P015,1,0.1,11.69
S000489,O00073,P014,2,0.1,80.98
S000490,O00648,P003,3,0.2,83.98
S000491,O00353,P001,2,0.15,84.98
S000492,O00891,P013,4,0.0,75.96
S000493,O00070,P006,2,0.0,159.98
S000494,O00425,P007,4,0.05,98.76
S000495,O00999,P001,3,0.0,149.97
S000496,O00708,P004,4,0.0,119.96
S000497,O00781,P001,4,0.2,159.97
S000498,O00561,P018,2,0.0,139.98
S000499,O00828,P004,2,0.1,53.98
S000500,O00642,P009,2,0.1,26.98
S000501,O00956,P001,3,0.1,134.97
S000502,O00517,P012,3,0.0,107.97
S000503,O00428,P005,2,0.2,143.98
S000504,O00539,P018,3,0.0,209.97
S000505,O00160,P018,3,0.0,209.97
S000506,O00149,P005,4,0.2,287.97
S000507,O00776,P018,4,0.05,265.96
S000508,O00230,P020,2,0.0,79.98
S000509,O00712,P016,3,0.2,95.98
S000510,O00562,P016,4,0.0,159.96
S000511,O00067,P004,1,0.1,26.99
S000512,O00812,P010,3,0.15,152.97
S000513,O00381,P001,1,0.2,39.99
S000514,O00058,P001,2,0.0,99.98
S000515,O00259,P020,3,0.0,119.97
S000516,O00342,P005,2,0.0,179.98
S000517,O00838,P014,2,0.0,89.98
S000518,O00130,P016,2,0.05,75.98
S000519,O00727,P017,2,0.15,25.48
S000520,O00172,P020,2,0.0,79.98
S000521,O00770,P004,3,0.1,80.97
S000522,O00614,P001,1,0.0,49.99
S000523,O00209,P007,3,0.05,74.07
S000524,O00803,P002,3,0.0,599.97
S000525,O00354,P001,3,0.2,119.98
S000526,O00471,P006,4,0.0,319.96
S000527,O00798,P015,4,0.0,51.96
S000528,O00116,P010,3,0.05,170.97
S000529,O00264,P005,1,0.0,89.99
S000530,O00662,P012,3,0.2,86.38
S000531,O00812,P004,2,0.0,59.98
S000532,O00442,P001,4,0.0,199.96
S000533,O00548,P014,4,0.0,179.96
S000534,O00453,P011,3,0.0,68.97
S000535,O00845,P014,3,0.1,121.47
S000536,O00477,P001,1,0.0,49.99
S000537,O00287,P016,1,0.05,37.99
S000538,O00303,P011,2,0.0,45.98
S000539,O00311,P010,3,0.05,170.97
S000540,O00208,P011,3,0.1,62.07
S000541,O00618,P017,3,0.0,44.97
S000542,O00446,P010,4,0.1,215.96
S000543,O00670,P010,2,0.1,107.98
S000544,O00633,P020,1,0.15,33.99
S000545,O00055,P014,4,0.0,179.96
S000546,O00912,P007,4,0.2,83.17
S000547,O00012,P013,4,0.15,64.57
S000548,O00657,P006,4,0.05,303.96
S000549,O00400,P003,2,0.2,55.98
S000550,O00908,P011,3,0.05,65.52
S000551,O00648,P019,1,0.0,129.99
S000552,O00980,P019,1,0.2,103.99
S000553,O00515,P006,4,0.15,271.97
S000554,O00656,P009,4,0.05,56.96
S000555,O00542,P003,2,0.15,59.48
S000556,O00237,P020,4,0.0,159.96
S000557,O00279,P020,1,0.2,31.99
S000558,O00348,P011,1,0.2,18.39
S000559,O00627,P016,3,0.0,119.97
S000560,O00104,P013,3,0.1,51.27
S000561,O00630,P010,1,0.1,53.99
S000562,O00517,P001,1,0.15,42.49
S000563,O00980,P007,2,0.2,41.58
S000564,O00872,P012,2,0.05,68.38
S000565,O00248,P012,1,0.15,30.59
S000566,O00364,P006,4,0.15,271.97
S000567,O00321,P019,3,0.0,389.97
S000568,O00633,P002,1,0.2,159.99
S000569,O00286,P009,4,0.1,53.96
S000570,O00149,P012,1,0.2,28.79
S000571,O00084,P013,3,0.0,56.97
S000572,O00966,P011,3,0.15,58.62
S000573,O00406,P004,2,0.0,59.98
S000574,O00978,P002,2,0.0,399.98
S000575,O00456,P011,2,0.1,41.38
S000576,O00743,P011,2,0.1,41.38
S000577,O00800,P003,3,0.1,94.47
S000578,O00161,P013,4,0.0,75.96
S000579,O00784,P007,4,0.0,103.96
S000580,O00460,P012,4,0.05,136.76
S000581,O00550,P016,1,0.0,39.99
S000582,O00500,P002,2,0.0,399.98
S000583,O00738,P001,2,0.15,84.98
S000584,O00509,P015,3,0.1,35.07
S000585,O00654,P011,3,0.0,68.97
S000586,O00804,P013,1,0.15,16.14
S000587,O00481,P016,1,0.2,31.99
S000588,O00663,P016,4,0.0,159.96
S000589,O00114,P019,3,0.0,389.97
S000590,O00749,P009,2,0.2,23.98
S000591,O00578,P008,4,0.0,79.96
S000592,O00361,P006,2,0.0,159.98
S000593,O00341,P002,4,0.05,759.96
S000594,O00770,P010,2,0.15,101.98
S000595,O00987,P004,1,0.05,28.49
S000596,O00761,P018,4,0.0,279.96
S000597,O00969,P010,2,0.0,119.98
S000598,O00449,P010,2,0.0,119.98
S000599,O00843,P006,3,0.0,239.97
S000600,O00835,P001,4,0.2,159.97
S000601,O00180,P001,2,0.15,84.98
S000602,O00702,P007,3,0.1,70.17
S000603,O00407,P001,2,0.1,89.98
S000604,O00666,P011,4,0.0,91.96
S000605,O00196,P018,1,0.0,69.99
S000606,O00466,P018,4,0.0,279.96
S000607,O00311,P012,4,0.05,136.76
S000608,O00262,P003,2,0.15,59.48
S000609,O00419,P017,2,0.05,28.48
S000610,O00406,P018,4,0.1,251.96
S000611,O00939,P003,3,0.0,104.97
S000612,O00143,P014,3,0.2,107.98
S000613,O00342,P004,3,0.0,89.97
S000614,O00316,P016,2,0.0,79.98
S000615,O00101,P020,2,0.0,79.98
S000616,O00244,P001,4,0.0,199.96
S000617,O00490,P018,1,0.0,69.99
S000618,O00012,P011,2,0.05,43.68
S000619,O00239,P020,4,0.05,151.96
S000620,O00561,P008,4,0.1,71.96
S000621,O00042,P017,1,0.0,14.99
S000622,O00678,P001,3,0.0,149.97
S000623,O00594,P006,4,0.0,319.96
S000624,O00429,P001,4,0.05,189.96
S000625,O00803,P020,4,0.0,159.96
S000626,O00158,P016,3,0.05,113.97
S000627,O00216,P017,3,0.0,44.97
S000628,O00670,P019,1,0.05,123.49
S000629,O00462,P001,2,0.0,99.98
S000630,O00134,P006,3,0.2,191.98
S000631,O00067,P001,2,0.05,94.98
S000632,O00848,P003,2,0.15,59.48
S000633,O00007,P003,3,0.0,104.97
S000634,O00948,P008,4,0.0,79.96
S000635,O00526,P004,1,0.1,26.99
S000636,O00073,P002,2,0.15,339.98
S000637,O00399,P002,4,0.15,679.97
S000638,O00405,P002,3,0.0,599.97
S000639,O00675,P020,2,0.1,71.98
S000640,O00578,P014,2,0.0,89.98
S000641,O00859,P020,2,0.15,67.98
S000642,O00130,P007,4,0.0,103.96
S000643,O00931,P004,4,0.05,113.96
S000644,O00466,P016,4,0.2,127.97
S000645,O00206,P005,2,0.1,161.98
S000646,O00788,P005,2,0.2,143.98
S000647,O00978,P004,1,0.0,29.99
S000648,O00768,P002,1,0.05,189.99
S000649,O00266,P004,4,0.1,107.96
S000650,O00537,P006,4,0.0,319.96
S000651,O00962,P012,3,0.2,86.38
S000652,O00793,P001,4,0.0,199.96
S000653,O00253,P003,1,0.0,34.99
S000654,O00822,P016,1,0.15,33.99
S000655,O00289,P002,1,0.2,159.99
S000656,O00164,P006,2,0.0,159.98
S000657,O00095,P017,2,0.0,29.98
S000658,O00782,P002,4,0.1,719.96
S000659,O00833,P001,3,0.2,119.98
S000660,O00110,P008,3,0.2,47.98
S000661,O00336,P005,3,0.15,229.47
S000662,O00822,P010,2,0.15,101.98
S000663,O00238,P016,1,0.1,35.99
S000664,O00381,P002,1,0.15,169.99
S000665,O00436,P010,2,0.0,119.98
S000666,O00899,P009,3,0.1,40.47
S000667,O00483,P002,3,0.1,539.97
S000668,O00937,P011,4,0.0,91.96
S000669,O00902,P004,4,0.0,119.96
S000670,O00025,P008,3,0.2,47.98
S000671,O00653,P001,2,0.0,99.98
S000672,O00117,P007,3,0.0,77.97
S000673,O00482,P005,4,0.1,323.96
S000674,O00392,P016,3,0.2,95.98
S000675,O00917,P001,2,0.15,84.98
S000676,O00994,P007,1,0.0,25.99
S000677,O00964,P007,2,0.1,46.78
S000678,O00537,P013,2,0.1,34.18
S000679,O00079,P010,4,0.0,239.96
S000680,O00580,P012,2,0.0,71.98
S000681,O00173,P015,2,0.15,22.08
S000682,O00956,P017,4,0.05,56.96
S000683,O00012,P005,4,0.0,359.96
S000684,O00800,P009,1,0.05,14.24
S000685,O00128,P016,3,0.05,113.97
S000686,O00608,P020,2,0.2,63.98
S000687,O00092,P018,4,0.2,223.97
S000688,O00653,P006,1,0.15,67.99
S000689,O00543,P003,3,0.2,83.98
S000690,O00846,P008,4,0.0,79.96
S000691,O00532,P014,3,0.15,114.72
S000692,O00658,P008,3,0.15,50.97
S000693,O00989,P008,2,0.1,35.98
S000694,O00828,P016,2,0.1,71.98
S000695,O00447,P006,4,0.1,287.96
S000696,O00390,P017,3,0.0,44.97
S000697,O00672,P007,4,0.0,103.96
S000698,O00861,P006,4,0.0,319.96
S000699,O00043,P007,3,0.1,70.17
S000700,O00254,P014,4,0.05,170.96
S000701,O00130,P002,3,0.0,599.97
S000702,O00060,P003,3,0.05,99.72
S000703,O00663,P019,3,0.0,389.97
S000704,O00467,P003,3,0.0,104.97
S000705,O00287,P010,1,0.0,59.99
S000706,O00517,P010,3,0.05,170.97
S000707,O00467,P008,2,0.0,39.98
S000708,O00930,P011,2,0.0,45.98
S000709,O00778,P003,2,0.05,66.48
S000710,O00345,P009,3,0.15,38.22
S000711,O00642,P006,2,0.15,135.98
S000712,O00382,P012,1,0.2,28.79
S000713,O00779,P002,4,0.0,799.96
S000714,O00690,P010,3,0.05,170.97
S000715,O00253,P003,2,0.2,55.98
S000716,O00927,P004,1,0.15,25.49
S000717,O00056,P003,4,0.0,139.96
S000718,O00463,P003,1,0.2,27.99
S000719,O00457,P016,2,0.1,71.98
S000720,O00983,P004,1,0.0,29.99
S000721,O00083,P019,4,0.0,519.96
S000722,O00905,P020,2,0.1,71.98
S000723,O00099,P010,4,0.2,191.97
S000724,O00149,P002,1,0.05,189.99
S000725,O00329,P006,3,0.1,215.97
S000726,O00156,P016,3,0.1,107.97
S000727,O00190,P006,3,0.2,191.98
S000728,O00494,P001,3,0.05,142.47
S000729,O00883,P009,4,0.05,56.96
S000730,O00263,P016,3,0.15,101.97
S000731,O00080,P016,4,0.0,159.96
S000732,O00400,P003,2,0.05,66.48
S000733,O00764,P012,3,0.0,107.97
S000734,O00609,P003,4,0.0,139.96
S000735,O00260,P003,3,0.0,104.97
S000736,O00772,P018,3,0.0,209.97
S000737,O00615,P004,3,0.2,71.98
S000738,O00552,P004,4,0.0,119.96
S000739,O00785,P001,1,0.0,49.99
S000740,O00101,P018,3,0.05,199.47
S000741,O00359,P016,3,0.0,119.97
S000742,O00380,P011,2,0.0,45.98
S000743,O00820,P014,1,0.0,44.99
S000744,O00221,P002,4,0.2,639.97
S000745,O00820,P007,2,0.1,46.78
S000746,O00420,P006,3,0.0,239.97
S000747,O00124,P001,2,0.05,94.98
S000748,O00422,P008,2,0.0,39.98
S000749,O00231,P018,3,0.0,209.97
S000750,O00690,P001,1,0.2,39.99
S000751,O00063,P005,1,0.1,80.99
S000752,O00485,P003,2,0.0,69.98
S000753,O00628,P004,3,0.0,89.97
S000754,O00703,P018,4,0.2,223.97
S000755,O00574,P008,2,0.0,39.98
S000756,O00768,P008,4,0.0,79.96
S000757,O00483,P014,2,0.0,89.98
S000758,O00519,P002,2,0.2,319.98
S000759,O00155,P008,3,0.2,47.98
S000760,O00092,P007,3,0.0,77.97
S000761,O00982,P011,4,0.15,78.17
S000762,O00526,P020,4,0.1,143.96
S000763,O00455,P015,1,0.0,12.99
S000764,O00741,P006,3,0.15,203.97
S000765,O00598,P016,2,0.05,75.98
S000766,O00645,P002,2,0.0,399.98
S000767,O00510,P001,1,0.0,49.99
S000768,O00183,P003,3,0.1,94.47
S000769,O00386,P006,2,0.05,151.98
S000770,O00574,P009,1,0.0,14.99
S000771,O00731,P011,1,0.05,21.84
S000772,O00405,P018,2,0.0,139.98
S000773,O00246,P009,2,0.05,28.48
S000774,O00742,P009,4,0.0,59.96
S000775,O00591,P001,3,0.2,119.98
S000776,O00661,P001,4,0.05,189.96
S000777,O00650,P009,1,0.15,12.74
S000778,O00471,P007,2,0.15,44.18
S000779,O00826,P016,4,0.1,143.96
S000780,O00888,P002,1,0.2,159.99
S000781,O00423,P001,3,0.2,119.98
S000782,O00901,P007,2,0.0,51.98
S000783,O00065,P004,4,0.0,119.96
S000784,O00013,P001,3,0.1,134.97
S000785,O00213,P013,4,0.15,64.57
S000786,O00986,P002,1,0.15,169.99
S000787,O00242,P011,3,0.0,68.97
S000788,O00493,P004,4,0.15,101.97
S000789,O00213,P003,3,0.15,89.22
S000790,O00693,P006,1,0.0,79.99
S000791,O00338,P016,3,0.15,101.97
S000792,O00997,P006,4,0.0,319.96
S000793,O00173,P014,1,0.0,44.99
S000794,O00672,P002,2,0.1,359.98
S000795,O00164,P015,4,0.0,51.96
S000796,O00465,P004,4,0.0,119.96
S000797,O00995,P012,1,0.0,35.99
S000798,O00497,P010,1,0.2,47.99
S000799,O00700,P019,2,0.1,233.98
S000800,O00395,P006,4,0.0,319.96
S000801,O00703,P001,1,0.15,42.49
S000802,O00917,P001,2,0.0,99.98
S000803,O00308,P016,2,0.2,63.98
S000804,O00768,P009,1,0.1,13.49
S000805,O00183,P015,4,0.05,49.36
S000806,O00629,P004,3,0.0,89.97
S000807,O00794,P006,3,0.15,203.97
S000808,O00510,P001,2,0.0,99.98
S000809,O00708,P019,3,0.0,389.97
S000810,O00546,P012,3,0.2,86.38
S000811,O00564,P019,1,0.2,103.99
S000812,O00624,P004,2,0.05,56.98
S000813,O00764,P011,4,0.0,91.96
S000814,O00594,P012,2,0.0,71.98
S000815,O00744,P005,1,0.1,80.99
S000816,O00227,P017,3,0.0,44.97
S000817,O00745,P019,4,0.0,519.96
S000818,O00733,P018,2,0.2,111.98
S000819,O00436,P014,3,0.1,121.47
S000820,O00925,P004,2,0.0,59.98
S000821,O00422,P004,4,0.0,119.96
S000822,O00554,P020,2,0.0,79.98
S000823,O00021,P001,2,0.2,79.98
S000824,O00554,P013,2,0.0,37.98
S000825,O00397,P013,3,0.2,45.58
S000826,O00625,P011,4,0.0,91.96
S000827,O00105,P020,4,0.1,143.96
S000828,O00192,P005,3,0.05,256.47
S000829,O00017,P006,3,0.0,239.97
S000830,O00120,P001,3,0.15,127.47
S000831,O00393,P007,1,0.05,24.69
S000832,O00425,P004,2,0.05,56.98
S000833,O00129,P006,2,0.0,159.98
S000834,O00130,P016,4,0.0,159.96
S000835,O00572,P019,2,0.0,259.98
S000836,O00560,P003,1,0.05,33.24
S000837,O00029,P006,3,0.2,191.98
S000838,O00097,P019,4,0.0,519.96
S000839,O00010,P001,4,0.2,159.97
S000840,O00242,P001,2,0.0,99.98
S000841,O00826,P002,4,0.0,799.96
S000842,O00956,P010,3,0.2,143.98
S000843,O00232,P002,4,0.0,799.96
S000844,O00789,P020,3,0.0,119.97
S000845,O00284,P007,1,0.0,25.99
S000846,O00715,P009,1,0.0,14.99
S000847,O00759,P004,3,0.2,71.98
S000848,O00802,P008,2,0.15,33.98
S000849,O00776,P012,4,0.1,129.56
S000850,O00955,P014,2,0.0,89.98
S000851,O00726,P014,4,0.05,170.96
S000852,O00200,P010,1,0.15,50.99
S000853,O00945,P018,1,0.05,66.49
S000854,O00079,P016,1,0.0,39.99
S000855,O00913,P014,4,0.05,170.96
S000856,O00956,P001,1,0.15,42.49
S000857,O00855,P001,1,0.15,42.49
S000858,O00856,P003,1,0.0,34.99
S000859,O00173,P012,1,0.0,35.99
S000860,O00467,P007,2,0.0,51.98
S000861,O00581,P006,1,0.0,79.99
S000862,O00416,P018,1,0.05,66.49
S000863,O00940,P018,2,0.0,139.98
S000864,O00449,P018,2,0.2,111.98
S000865,O00087,P005,4,0.1,323.96
S000866,O00101,P012,3,0.15,91.77
S000867,O00008,P004,1,0.0,29.99
S000868,O00845,P003,1,0.2,27.99
S000869,O00200,P003,1,0.0,34.99
S000870,O00505,P006,4,0.0,319.96
S000871,O00087,P007,1,0.2,20.79
S000872,O00043,P016,3,0.1,107.97
S000873,O00385,P002,2,0.15,339.98
S000874,O00621,P014,4,0.0,179.96
S000875,O00435,P009,2,0.0,29.98
S000876,O00408,P004,1,0.0,29.99
S000877,O00483,P008,1,0.2,15.99
S000878,O00664,P005,1,0.0,89.99
S000879,O00017,P010,3,0.05,170.97
S000880,O00645,P007,3,0.1,70.17
S000881,O00148,P002,4,0.15,679.97
S000882,O00277,P002,2,0.0,399.98
S000883,O00232,P009,1,0.05,14.24
S000884,O00826,P018,1,0.2,55.99
S000885,O00927,P006,1,0.1,71.99
S000886,O00366,P014,1,0.15,38.24
S000887,O00228,P012,3,0.0,107.97
S000888,O00651,P019,2,0.05,246.98
S000889,O00436,P016,2,0.2,63.98
S000890,O00399,P010,4,0.1,215.96
S000891,O00211,P012,3,0.05,102.57
S000892,O00391,P018,1,0.0,69.99
S000893,O00499,P006,2,0.0,159.98
S000894,O00540,P005,2,0.0,179.98
S000895,O00563,P001,3,0.0,149.97
S000896,O00491,P016,4,0.0,159.96
S000897,O00442,P016,4,0.2,127.97
S000898,O00261,P002,1,0.2,159.99
S000899,O00773,P010,4,0.1,215.96
S000900,O00350,P008,2,0.2,31.98
S000901,O00352,P002,4,0.05,759.96
S000902,O00520,P020,1,0.0,39.99
S000903,O00320,P003,2,0.0,69.98
S000904,O00138,P001,4,0.1,179.96
S000905,O00550,P010,4,0.0,239.96
S000906,O00623,P014,3,0.2,107.98
S000907,O00992,P001,1,0.2,39.99
S000908,O00368,P012,4,0.05,136.76
S000909,O00220,P009,3,0.2,35.98
S000910,O00337,P002,2,0.0,399.98
S000911,O00223,P002,3,0.15,509.97
S000912,O00648,P010,3,0.0,179.97
S000913,O00768,P005,4,0.0,359.96
S000914,O00360,P019,4,0.2,415.97
S000915,O00921,P016,4,0.0,159.96
S000916,O00329,P020,3,0.2,95.98
S000917,O00962,P004,2,0.0,59.98
S000918,O00463,P020,1,0.0,39.99
S000919,O00946,P007,3,0.0,77.97
S000920,O00963,P006,4,0.1,287.96
S000921,O00561,P001,1,0.0,49.99
S000922,O00804,P001,2,0.2,79.98
S000923,O00382,P012,1,0.1,32.39
S000924,O00836,P007,4,0.0,103.96
S000925,O00590,P003,3,0.1,94.47
S000926,O00617,P011,3,0.05,65.52
S000927,O00169,P004,4,0.15,101.97
S000928,O00217,P010,3,0.0,179.97
S000929,O00378,P006,4,0.2,255.97
S000930,O00119,P016,3,0.05,113.97
S000931,O00190,P016,3,0.2,95.98
S000932,O00767,P008,3,0.15,50.97
S000933,O00370,P006,2,0.05,151.98
S000934,O00778,P006,2,0.2,127.98
S000935,O00149,P016,4,0.0,159.96
S000936,O00676,P006,2,0.0,159.98
S000937,O00652,P003,4,0.05,132.96
S000938,O00859,P001,1,0.0,49.99
S000939,O00488,P008,1,0.0,19.99
S000940,O00770,P008,2,0.0,39.98
S000941,O00374,P016,1,0.0,39.99
S000942,O00781,P003,1,0.1,31.49
S000943,O00693,P006,3,0.2,191.98
S000944,O00160,P016,3,0.0,119.97
S000945,O00351,P016,4,0.05,151.96
S000946,O00912,P006,1,0.15,67.99
S000947,O00288,P007,4,0.05,98.76
S000948,O00288,P005,4,0.1,323.96
S000949,O00892,P019,1,0.2,103.99
S000950,O00226,P002,2,0.1,359.98
S000951,O00523,P019,1,0.05,123.49
S000952,O00522,P012,3,0.2,86.38
S000953,O00783,P009,1,0.15,12.74
S000954,O00273,P001,2,0.0,99.98
S000955,O00936,P008,4,0.2,63.97
S000956,O00402,P007,4,0.0,103.96
S000957,O00183,P002,3,0.2,479.98
S000958,O00969,P012,3,0.1,97.17
S000959,O00665,P020,3,0.1,107.97
S000960,O00488,P010,4,0.1,215.96
S000961,O00827,P013,3,0.15,48.42
S000962,O00846,P001,1,0.2,39.99
S000963,O00124,P007,4,0.2,83.17
S000964,O00985,P002,2,0.0,399.98
S000965,O00626,P011,4,0.15,78.17
S000966,O00790,P019,1,0.0,129.99
S000967,O00414,P012,1,0.0,35.99
S000968,O00980,P001,3,0.0,149.97
S000969,O00725,P006,4,0.0,319.96
S000970,O00172,P009,4,0.0,59.96
S000971,O00288,P006,4,0.05,303.96
S000972,O00435,P016,2,0.1,71.98
S000973,O00686,P016,3,0.15,101.97
S000974,O00113,P011,1,0.05,21.84
S000975,O00888,P006,1,0.15,67.99
S000976,O00917,P004,3,0.0,89.97
S000977,O00995,P002,1,0.2,159.99
S000978,O00122,P006,1,0.0,79.99
S000979,O00544,P007,3,0.1,70.17
S000980,O00222,P012,1,0.0,35.99
S000981,O00631,P012,4,0.05,136.76
S000982,O00039,P001,2,0.0,99.98
S000983,O00497,P006,3,0.2,191.98
S000984,O00780,P003,2,0.0,69.98
S000985,O00233,P002,1,0.2,159.99
S000986,O00943,P016,1,0.2,31.99
S000987,O00530,P001,4,0.15,169.97
S000988,O00149,P007,3,0.0,77.97
S000989,O00397,P002,1,0.15,169.99
S000990,O00661,P018,3,0.2,167.98
S000991,O00638,P009,3,0.0,44.97
S000992,O00904,P004,3,0.2,71.98
S000993,O00302,P009,3,0.05,42.72
S000994,O00360,P014,3,0.2,107.98
S000995,O00238,P019,2,0.15,220.98
S000996,O00647,P003,4,0.0,139.96
S000997,O00663,P018,3,0.0,209.97
S000998,O00236,P019,2,0.15,220.98
S000999,O00736,P018,1,0.2,55.99
S001000,O00203,P011,3,0.05,65.52
S001001,O00256,P011,1,0.1,20.69
S001002,O00598,P006,3,0.05,227.97
S001003,O00662,P014,2,0.2,71.98
S001004,O00235,P009,2,0.05,28.48
S001005,O00345,P012,2,0.1,64.78
S001006,O00534,P007,4,0.05,98.76
S001007,O00860,P014,1,0.1,40.49
S001008,O00797,P016,4,0.2,127.97
S001009,O00781,P002,3,0.1,539.97
S001010,O00466,P016,1,0.15,33.99
S001011,O00770,P009,2,0.15,25.48
S001012,O00541,P016,1,0.1,35.99
S001013,O00213,P007,2,0.0,51.98
S001014,O00463,P006,4,0.0,319.96
S001015,O00436,P018,4,0.0,279.96
S001016,O00283,P004,2,0.1,53.98
S001017,O00562,P016,2,0.0,79.98
S001018,O00607,P008,3,0.15,50.97
S001019,O00463,P009,4,0.0,59.96
S001020,O00407,P005,4,0.1,323.96
S001021,O00088,P010,3,0.15,152.97
S001022,O00044,P005,4,0.0,359.96
S001023,O00461,P001,2,0.0,99.98
S001024,O00278,P004,1,0.0,29.99
S001025,O00683,P001,1,0.0,49.99
S001026,O00421,P020,4,0.2,127.97
S001027,O00701,P020,3,0.1,107.97
S001028,O00353,P006,2,0.0,159.98
S001029,O00696,P013,1,0.0,18.99
S001030,O00515,P006,2,0.0,159.98
S001031,O00703,P012,4,0.1,129.56
S001032,O00630,P016,4,0.0,159.96
S001033,O00019,P019,1,0.0,129.99
S001034,O00023,P006,4,0.1,287.96
S001035,O00413,P015,3,0.2,31.18
S001036,O00030,P004,4,0.15,101.97
S001037,O00807,P020,4,0.2,127.97
S001038,O00108,P001,4,0.1,179.96
S001039,O00367,P011,2,0.1,41.38
S001040,O00281,P012,2,0.0,71.98
S001041,O00128,P012,1,0.0,35.99
S001042,O00229,P002,1,0.0,199.99
S001043,O00111,P019,1,0.05,123.49
S001044,O00136,P003,4,0.0,139.96
S001045,O00362,P011,2,0.1,41.38
S001046,O00186,P003,3,0.2,83.98
S001047,O00656,P005,4,0.1,323.96
S001048,O00584,P009,4,0.0,59.96
S001049,O00129,P007,4,0.1,93.56
S001050,O00876,P002,3,0.15,509.97
S001051,O00261,P002,1,0.1,179.99
S001052,O00515,P007,3,0.2,62.38
S001053,O00449,P014,1,0.0,44.99
S001054,O00900,P018,3,0.15,178.47
S001055,O00104,P001,2,0.15,84.98
S001056,O00483,P006,4,0.1,287.96
S001057,O00224,P002,4,0.05,759.96
S001058,O00832,P001,4,0.0,199.96
S001059,O00874,P012,1,0.0,35.99
S001060,O00866,P011,3,0.0,68.97
S001061,O00491,P002,2,0.0,399.98
S001062,O00473,P004,3,0.0,89.97
S001063,O00010,P001,4,0.0,199.96
S001064,O00405,P016,2,0.0,1102.53
S001065,O00896,P020,2,0.0,79.98
S001066,O00302,P002,4,0.05,759.96
S001067,O00231,P004,3,0.2,71.98
S001068,O00731,P018,4,0.0,279.96
S001069,O00923,P019,3,0.0,389.97
S001070,O00066,P007,2,0.05,49.38
S001071,O00937,P001,2,0.0,99.98
S001072,O00112,P001,4,0.15,169.97
S001073,O00013,P010,2,0.0,119.98
S001074,O00393,P006,1,0.0,79.99
S001075,O00500,P001,2,0.0,996.23
S001076,O00932,P010,1,0.1,53.99
S001077,O00598,P001,2,0.0,99.98
S001078,O00234,P015,4,0.0,51.96
S001079,O00602,P005,4,0.0,359.96
S001080,O00314,P001,1,0.2,39.99
S001081,O00566,P010,4,0.05,227.96
S001082,O00012,P006,2,0.05,151.98
S001083,O00209,P020,2,0.1,71.98
S001084,O00974,P009,4,0.0,59.96
S001085,O00014,P004,2,0.2,47.98
S001086,O00633,P013,3,0.0,56.97
S001087,O00418,P004,3,0.0,89.97
S001088,O00437,P018,2,0.0,139.98
S001089,O00377,P006,4,0.15,271.97
S001090,O00020,P009,1,0.05,14.24
S001091,O00587,P001,4,0.0,199.96
S001092,O00912,P007,1,0.1,23.39
S001093,O00755,P016,4,0.05,151.96
S001094,O00735,P016,2,0.0,79.98
S001095,O00070,P003,3,0.05,99.72
S001096,O00824,P003,4,0.15,118.97
S001097,O00211,P016,1,0.2,31.99
S001098,O00101,P019,3,0.0,389.97
S001099,O00698,P001,1,0.15,42.49
S001100,O00132,P007,2,0.2,41.58
S001101,O00623,P006,3,0.15,203.97
S001102,O00381,P018,1,0.0,69.99
S001103,O00132,P001,4,0.05,189.96
S001104,O00020,P003,2,0.1,62.98
S001105,O00906,P014,2,0.0,89.98
S001106,O00536,P001,2,0.0,99.98
S001107,O00227,P008,4,0.2,63.97
S001108,O00154,P007,4,0.0,103.96
S001109,O00805,P006,3,0.05,227.97
S001110,O00742,P006,4,0.0,319.96
S001111,O00469,P009,3,0.1,40.47
S001112,O00822,P002,2,0.0,399.98
S001113,O01000,P010,3,0.05,170.97
S001114,O00871,P016,1,0.0,39.99
S001115,O00405,P014,2,0.15,76.48
S001116,O00202,P002,2,0.0,399.98
S001117,O00038,P002,3,0.1,539.97
S001118,O00942,P004,2,0.05,56.98
S001119,O00772,P006,4,0.1,287.96
S001120,O00188,P007,1,0.1,23.39
S001121,O00057,P012,3,0.2,86.38
S001122,O00941,P001,3,0.15,127.47
S001123,O00020,P001,2,0.0,99.98
S001124,O00273,P006,4,0.05,303.96
S001125,O00119,P013,2,0.0,37.98
S001126,O00583,P003,2,0.0,69.98
S001127,O00516,P011,3,0.0,68.97
S001128,O00221,P004,2,0.0,59.98
S001129,O00526,P018,1,0.1,62.99
S001130,O00515,P018,2,0.0,139.98
S001131,O00728,P005,2,0.2,143.98
S001132,O00741,P003,3,0.1,94.47
S001133,O00336,P007,2,0.15,44.18
S001134,O00698,P004,4,0.0,119.96
S001135,O00055,P012,3,0.0,107.97
S001136,O00500,P016,2,0.2,63.98
S001137,O00900,P012,1,0.15,30.59
S001138,O00888,P016,1,0.0,39.99
S001139,O00766,P006,3,0.0,239.97
S001140,O00536,P002,3,0.05,569.97
S001141,O00162,P014,2,0.2,71.98
S001142,O00670,P006,4,0.0,319.96
S001143,O00594,P012,2,0.0,71.98
S001144,O00915,P004,1,0.0,29.99
S001145,O00159,P001,4,0.0,199.96
S001146,O00188,P020,4,0.0,159.96
S001147,O00060,P002,4,0.2,639.97
S001148,O00915,P020,2,0.0,79.98
S001149,O00817,P020,1,0.05,37.99
S001150,O00319,P016,3,0.0,119.97
S001151,O00878,P012,2,0.15,61.18
S001152,O00211,P010,3,0.1,161.97
S001153,O00406,P018,4,0.2,223.97
S001154,O00664,P005,4,0.2,287.97
S001155,O00109,P008,2,0.0,39.98
S001156,O00076,P011,1,0.0,22.99
S001157,O00542,P007,4,0.05,98.76
S001158,O00314,P007,3,0.0,77.97
S001159,O00998,P006,3,0.15,203.97
S001160,O00117,P010,2,0.0,119.98
S001161,O00927,P017,3,0.0,44.97
S001162,O00868,P003,1,0.0,34.99
S001163,O00704,P019,4,0.0,519.96
S001164,O00019,P012,3,0.2,86.38
S001165,O00432,P016,3,0.05,113.97
S001166,O00685,P009,4,0.2,47.97
S001167,O00740,P015,2,0.1,23.38
S001168,O00350,P001,3,0.05,142.47
S001169,O00183,P016,2,0.0,79.98
S001170,O00113,P001,2,0.0,99.98
S001171,O00183,P018,3,0.15,178.47
S001172,O00481,P020,1,0.05,37.99
S001173,O00146,P005,2,0.1,161.98
S001174,O00831,P003,3,0.0,104.97
S001175,O00628,P014,2,0.15,76.48
S001176,O00113,P004,4,0.05,113.96
S001177,O00763,P018,1,0.2,55.99
S001178,O00476,P002,1,0.2,159.99
S001179,O00763,P002,4,0.05,759.96
S001180,O00303,P020,4,0.05,151.96
S001181,O00971,P012,2,0.05,68.38
S001182,O00825,P017,4,0.15,50.97
S001183,O00118,P005,1,0.2,71.99
S001184,O00813,P012,4,0.0,143.96
S001185,O00161,P010,3,0.1,161.97
S001186,O00401,P011,3,0.1,62.07
S001187,O00198,P012,2,0.0,71.98
S001188,O00260,P010,1,0.0,59.99
S001189,O00660,P007,3,0.0,77.97
S001190,O00752,P004,4,0.2,95.97
S001191,O00047,P014,3,0.0,134.97
S001192,O00987,P003,3,0.0,104.97
S001193,O00399,P013,2,0.05,36.08
S001194,O00710,P004,4,0.0,119.96
S001195,O00559,P011,4,0.2,73.57
S001196,O00078,P014,4,0.0,179.96
S001197,O00124,P003,2,0.0,69.98
S001198,O00075,P001,4,0.0,199.96
S001199,O00871,P002,4,0.0,799.96
S001200,O00137,P011,3,0.0,68.97
S001201,O00602,P017,3,0.0,44.97
S001202,O00400,P001,4,0.1,179.96
S001203,O00837,P014,1,0.2,35.99
S001204,O00505,P006,1,0.2,63.99
S001205,O00500,P008,4,0.0,79.96
S001206,O00573,P019,1,0.15,110.49
S001207,O00138,P006,2,0.0,159.98
S001208,O00050,P008,3,0.0,59.97
S001209,O00771,P001,2,0.05,94.98
S001210,O00973,P001,3,0.2,119.98
S001211,O00619,P004,1,0.0,29.99
S001212,O00625,P001,1,0.2,39.99
S001213,O00862,P011,4,0.0,91.96
S001214,O00254,P007,1,0.1,23.39
S001215,O00630,P009,1,0.0,14.99
S001216,O00710,P003,4,0.2,111.97
S001217,O00849,P005,4,0.0,359.96
S001218,O00877,P012,3,0.0,107.97
S001219,O00563,P020,1,0.05,37.99
S001220,O00757,P001,3,0.0,149.97
S001221,O00915,P018,3,0.0,209.97
S001222,O00426,P010,2,0.05,113.98
S001223,O00547,P010,1,0.0,59.99
S001224,O00302,P009,1,0.05,14.24
S001225,O00922,P001,2,0.0,99.98
S001226,O00581,P001,3,0.0,149.97
S001227,O00349,P011,1,0.2,18.39
S001228,O00832,P006,3,0.2,191.98
S001229,O00933,P018,2,0.15,118.98
S001230,O00980,P007,4,0.0,103.96
S001231,O00049,P002,3,0.05,569.97
S001232,O00917,P013,1,0.15,16.14
S001233,O00074,P005,4,0.15,305.97
S001234,O00704,P009,3,0.1,40.47
S001235,O00261,P013,3,0.05,54.12
S001236,O00356,P018,4,0.15,237.97
S001237,O00582,P016,4,0.1,143.96
S001238,O00602,P012,4,0.15,122.37
S001239,O00260,P012,1,0.0,35.99
S001240,O00638,P019,1,0.0,129.99
S001241,O00743,P005,3,0.1,242.97
S001242,O00295,P001,3,0.0,149.97
S001243,O00931,P004,2,0.05,56.98
S001244,O00641,P003,1,0.0,34.99
S001245,O00792,P012,3,0.1,97.17
S001246,O00313,P011,4,0.05,87.36
S001247,O00612,P010,4,0.15,203.97
S001248,O00838,P001,1,0.2,39.99
S001249,O00809,P013,4,0.0,75.96
S001250,O00182,P005,2,0.05,170.98
S001251,O00686,P012,3,0.0,107.97
S001252,O00828,P009,3,0.0,44.97
S001253,O00364,P006,3,0.0,239.97
S001254,O00188,P002,1,0.05,189.99
S001255,O00569,P001,4,0.15,169.97
S001256,O00543,P016,2,0.0,79.98
S001257,O00596,P018,1,0.0,69.99
S001258,O00664,P011,3,0.05,65.52
S001259,O00985,P002,2,0.05,379.98
S001260,O00548,P006,3,0.2,191.98
S001261,O00725,P013,3,0.0,56.97
S001262,O00926,P015,1,0.0,12.99
S001263,O00408,P002,3,0.0,599.97
S001264,O00876,P001,2,0.0,99.98
S001265,O00618,P013,3,0.05,54.12
S001266,O00414,P006,4,0.0,319.96
S001267,O00342,P004,3,0.0,89.97
S001268,O00220,P001,1,0.1,44.99
S001269,O00903,P009,2,0.0,29.98
S001270,O00163,P017,1,0.15,12.74
S001271,O00951,P019,4,0.0,519.96
S001272,O00220,P010,3,0.15,152.97
S001273,O00270,P009,1,0.0,14.99
S001274,O00632,P001,1,0.0,49.99
S001275,O00906,P009,1,0.0,14.99
S001276,O00848,P006,1,0.15,67.99
S001277,O00400,P011,4,0.15,78.17
S001278,O00182,P006,4,0.05,303.96
S001279,O00991,P004,3,0.0,89.97
S001280,O00618,P001,3,0.0,149.97
S001281,O00729,P005,2,0.2,143.98
S001282,O00205,P002,4,0.0,799.96
S001283,O00582,P003,1,0.05,33.24
S001284,O00556,P020,1,0.0,39.99
S001285,O00841,P007,2,0.15,44.18
S001286,O00813,P009,1,0.0,14.99
S001287,O00228,P018,2,0.0,139.98
S001288,O00696,P020,3,0.2,95.98
S001289,O00619,P010,4,0.1,215.96
S001290,O00596,P016,2,0.1,71.98
S001291,O00850,P006,1,0.0,79.99
S001292,O00250,P005,2,0.2,143.98
S001293,O00875,P006,3,0.0,239.97
S001294,O00441,P012,1,0.05,34.19
S001295,O00533,P012,3,0.0,107.97
S001296,O00196,P005,3,0.2,215.98
S001297,O00690,P002,2,0.15,339.98
S001298,O00929,P011,3,0.1,62.07
S001299,O00987,P002,1,0.0,199.99
S001300,O00519,P010,3,0.0,179.97
S001301,O00070,P013,3,0.0,56.97
S001302,O00639,P013,2,0.1,34.18
S001303,O00399,P014,3,0.05,128.22
S001304,O00978,P018,4,0.0,279.96
S001305,O00672,P008,2,0.0,39.98
S001306,O00760,P013,2,0.0,37.98
S001307,O00203,P011,1,0.05,21.84
S001308,O00148,P003,1,0.0,34.99
S001309,O00472,P001,1,0.15,42.49
S001310,O00655,P004,1,0.1,26.99
S001311,O00944,P007,4,0.15,88.37
S001312,O00199,P011,2,0.1,41.38
S001313,O00917,P017,3,0.05,42.72
S001314,O00426,P003,1,0.15,29.74
S001315,O00666,P002,1,0.1,179.99
S001316,O00492,P020,1,0.0,39.99
S001317,O00888,P002,3,0.05,569.97
S001318,O00896,P008,1,0.1,17.99
S001319,O00142,P010,3,0.0,179.97
S001320,O00313,P009,2,0.1,26.98
S001321,O00165,P001,2,0.15,84.98
S001322,O00314,P001,2,0.0,99.98
S001323,O00021,P002,4,0.0,799.96
S001324,O00082,P010,3,0.0,179.97
S001325,O00581,P009,1,0.1,13.49
S001326,O00131,P004,1,0.0,29.99
S001327,O00599,P011,1,0.1,20.69
S001328,O00730,P016,1,0.0,39.99
S001329,O00933,P001,4,0.0,199.96
S001330,O00984,P008,1,0.15,16.99
S001331,O00305,P012,4,0.15,122.37
S001332,O00915,P004,3,0.0,89.97
S001333,O00371,P005,2,0.1,161.98
S001334,O00857,P011,1,0.0,22.99
S001335,O00853,P018,2,0.15,118.98
S001336,O00384,P016,3,0.2,95.98
S001337,O00908,P010,3,0.0,179.97
S001338,O00445,P013,1,0.0,18.99
S001339,O00425,P006,3,0.2,191.98
S001340,O00161,P011,2,0.2,36.78
S001341,O00178,P008,1,0.0,19.99
S001342,O00629,P003,4,0.0,139.96
S001343,O00708,P013,1,0.0,18.99
S001344,O00895,P009,2,0.0,29.98
S001345,O00490,P006,1,0.1,71.99
S001346,O00327,P018,1,0.05,66.49
S001347,O00598,P001,2,0.0,99.98
S001348,O00289,P005,1,0.0,89.99
S001349,O00593,P001,1,0.05,47.49
S001350,O00664,P014,2,0.0,89.98
S001351,O00573,P013,3,0.0,56.97
S001352,O00573,P006,2,0.0,159.98
S001353,O00354,P012,1,0.05,34.19
S001354,O00028,P006,4,0.15,271.97
S001355,O00954,P014,4,0.0,179.96
S001356,O00043,P007,2,0.15,44.18
S001357,O00681,P007,4,0.0,103.96
S001358,O00423,P019,1,0.1,116.99
S001359,O00598,P004,1,0.0,29.99
S001360,O00177,P002,2,0.0,399.98
S001361,O00529,P010,1,0.0,59.99
S001362,O00610,P020,3,0.2,95.98
S001363,O00966,P006,1,0.0,79.99
S001364,O00494,P001,2,0.0,99.98
S001365,O00198,P006,3,0.0,239.97
S001366,O00610,P009,3,0.2,35.98
S001367,O00577,P002,4,0.15,679.97
S001368,O00842,P012,1,0.2,28.79
S001369,O00853,P020,2,0.15,67.98
S001370,O00517,P007,4,0.2,83.17
S001371,O00514,P006,4,0.2,255.97
S001372,O00022,P006,1,0.0,79.99
S001373,O00112,P002,1,0.15,169.99
S001374,O00057,P018,2,0.0,139.98
S001375,O00066,P007,4,0.1,93.56
S001376,O00842,P006,2,0.0,159.98
S001377,O00098,P012,4,0.0,143.96
S001378,O00144,P007,4,0.05,98.76
S001379,O00880,P011,4,0.05,87.36
S001380,O00435,P001,1,0.0,49.99
S001381,O00637,P016,4,0.0,159.96
S001382,O00679,P019,4,0.0,519.96
S001383,O00086,P011,4,0.2,73.57
S001384,O00588,P019,3,0.2,311.98
S001385,O00344,P002,1,0.05,189.99
S001386,O00936,P008,3,0.0,59.97
S001387,O00294,P011,1,0.15,19.54
S001388,O00956,P010,2,0.0,119.98
S001389,O00571,P006,3,0.0,239.97
S001390,O00650,P006,2,0.0,159.98
S001391,O00611,P002,4,0.0,799.96
S001392,O00704,P006,2,0.1,143.98
S001393,O00243,P002,2,0.0,399.98
S001394,O00831,P014,2,0.2,71.98
S001395,O00561,P003,2,0.2,55.98
S001396,O00960,P001,1,0.0,49.99
S001397,O00032,P009,3,0.0,44.97
S001398,O00391,P010,1,0.0,59.99
S001399,O00277,P018,1,0.1,62.99
S001400,O00532,P010,1,0.1,53.99
S001401,O00154,P006,2,0.0,159.98
S001402,O00383,P016,1,0.05,37.99
S001403,O00068,P009,3,0.0,44.97
S001404,O00878,P001,1,0.2,39.99
S001405,O00884,P010,4,0.0,239.96
S001406,O00214,P018,2,0.1,125.98
S001407,O00655,P006,4,0.1,287.96
S001408,O00376,P005,3,0.0,269.97
S001409,O00744,P002,3,0.05,569.97
S001410,O00213,P002,3,0.0,599.97
S001411,O00079,P007,3,0.2,62.38
S001412,O00726,P010,1,0.05,56.99
S001413,O00628,P001,2,0.15,84.98
S001414,O00604,P019,3,0.0,389.97
S001415,O00782,P014,4,0.0,179.96
S001416,O00923,P010,3,0.1,161.97
S001417,O00381,P016,2,0.0,79.98
S001418,O00680,P001,4,0.15,169.97
S001419,O00058,P008,4,0.0,79.96
S001420,O00796,P011,4,0.0,91.96
S001421,O00026,P016,1,0.15,33.99
S001422,O00881,P015,3,0.1,35.07
S001423,O00447,P004,1,0.1,26.99
S001424,O00066,P019,4,0.0,519.96
S001425,O00921,P002,1,0.15,169.99
S001426,O00760,P018,1,0.0,69.99
S001427,O00254,P020,1,0.0,39.99
S001428,O00899,P003,3,0.0,104.97
S001429,O00968,P013,4,0.0,75.96
S001430,O00044,P001,4,0.1,179.96
S001431,O00097,P007,3,0.1,70.17
S001432,O00554,P009,1,0.0,14.99
S001433,O00227,P010,1,0.1,53.99
S001434,O00774,P019,2,0.0,259.98
S001435,O00679,P012,2,0.15,61.18
S001436,O00436,P008,2,0.0,39.98
S001437,O00791,P016,3,0.0,119.97
S001438,O00601,P019,4,0.2,415.97
S001439,O00379,P001,2,0.0,99.98
S001440,O00178,P020,4,0.0,159.96
S001441,O00427,P001,4,0.2,159.97
S001442,O00915,P016,4,0.0,159.96
S001443,O00709,P004,3,0.05,85.47
S001444,O00307,P002,3,0.2,479.98
S001445,O00779,P007,3,0.1,70.17
S001446,O00504,P011,3,0.1,62.07
S001447,O00268,P006,2,0.05,151.98
S001448,O00586,P001,1,0.05,47.49
S001449,O00008,P011,1,0.0,22.99
S001450,O00920,P018,1,0.05,66.49
S001451,O00508,P006,2,0.0,159.98
S001452,O00476,P003,1,0.0,34.99
S001453,O00297,P007,2,0.0,51.98
S001454,O00164,P001,2,0.2,79.98
S001455,O00485,P016,2,0.05,75.98
S001456,O00597,P016,1,0.1,35.99
S001457,O00072,P010,4,0.0,239.96
S001458,O00567,P006,1,0.1,71.99
S001459,O00905,P016,1,0.0,39.99
S001460,O00559,P009,3,0.1,40.47
S001461,O00911,P016,2,0.15,67.98
S001462,O00944,P011,4,0.0,91.96
S001463,O00238,P015,3,0.2,31.18
S001464,O00104,P011,4,0.1,82.76
S001465,O00210,P007,4,0.0,103.96
S001466,O00554,P019,2,0.2,207.98
S001467,O00828,P009,1,0.0,14.99
S001468,O00468,P011,2,0.0,45.98
S001469,O00454,P003,2,0.0,69.98
S001470,O00268,P011,3,0.0,68.97
S001471,O00386,P010,2,0.0,119.98
S001472,O00775,P003,1,0.0,34.99
S001473,O00848,P001,4,0.0,199.96
S001474,O00387,P011,2,0.2,36.78
S001475,O00877,P014,4,0.15,152.97
S001476,O00259,P009,2,0.0,29.98
S001477,O00283,P003,4,0.15,118.97
S001478,O00626,P012,2,0.05,68.38
S001479,O00875,P001,3,0.2,119.98
S001480,O00040,P007,4,0.1,93.56
S001481,O00486,P002,2,0.2,319.98
S001482,O00929,P003,2,0.0,69.98
S001483,O00220,P003,3,0.1,94.47
S001484,O00129,P006,3,0.1,215.97
S001485,O00520,P001,3,0.15,127.47
S001486,O00613,P006,4,0.1,287.96
S001487,O00928,P009,4,0.0,59.96
S001488,O00892,P008,3,0.15,50.97
S001489,O00688,P006,1,0.1,71.99
S001490,O00619,P016,1,0.15,33.99
S001491,O00613,P002,2,0.05,379.98
S001492,O00260,P009,1,0.15,12.74
S001493,O00990,P001,2,0.0,99.98
S001494,O00966,P001,4,0.0,199.96
S001495,O00366,P010,4,0.0,239.96
S001496,O00758,P010,1,0.0,59.99
S001497,O00787,P018,4,0.0,279.96
S001498,O00544,P010,3,0.0,179.97
S001499,O00649,P019,3,0.1,350.97
S001500,O00524,P001,1,0.15,42.49
S001501,O00907,P002,1,0.15,169.99
S001502,O00814,P001,2,0.2,79.98
S001503,O00887,P003,4,0.1,1572.72
S001504,O00016,P009,2,0.0,29.98
S001505,O00129,P011,2,0.1,41.38
S001506,O00575,P001,3,0.1,134.97
S001507,O00109,P019,3,0.1,350.97
S001508,O00887,P016,3,0.0,119.97
S001509,O00533,P005,3,0.2,215.98
S001510,O00670,P001,2,0.0,99.98
S001511,O00269,P002,3,0.05,569.97
S001512,O00162,P002,4,0.2,639.97
S001513,O00260,P002,3,0.05,569.97
S001514,O00924,P009,3,0.05,42.72
S001515,O00102,P004,3,0.05,85.47
S001516,O00506,P006,1,0.15,67.99
S001517,O00735,P020,4,0.0,159.96
S001518,O00571,P012,4,0.0,143.96
S001519,O00247,P019,2,0.05,246.98
S001520,O00640,P002,2,0.05,379.98
S001521,O00795,P006,3,0.0,239.97
S001522,O00837,P009,1,0.0,14.99
S001523,O00537,P001,2,0.0,99.98
S001524,O00131,P001,2,0.2,79.98
S001525,O00353,P012,3,0.0,107.97
S001526,O00196,P011,3,0.1,62.07
S001527,O00793,P007,2,0.15,44.18
S001528,O00916,P008,2,0.2,31.98
S001529,O00930,P007,4,0.0,103.96
S001530,O00666,P001,1,0.0,49.99
S001531,O00382,P006,4,0.05,303.96
S001532,O00645,P003,2,0.2,55.98
S001533,O00227,P002,4,0.05,759.96
S001534,O00701,P019,4,0.0,519.96
S001535,O00476,P011,2,0.2,36.78
S001536,O00477,P013,3,0.0,56.97
S001537,O00265,P005,2,0.2,143.98
S001538,O00372,P006,3,0.05,227.97
S001539,O00486,P004,2,0.05,56.98
S001540,O00434,P002,2,0.1,359.98
S001541,O00646,P003,2,0.0,69.98
S001542,O00211,P016,1,0.2,31.99
S001543,O00572,P012,3,0.05,102.57
S001544,O00940,P009,1,0.15,12.74
S001545,O00377,P008,2,0.0,39.98
S001546,O00395,P018,4,0.15,237.97
S001547,O00450,P001,1,0.0,49.99
S001548,O00943,P004,3,0.2,71.98
S001549,O00364,P006,2,0.1,143.98
S001550,O00876,P015,1,0.0,12.99
S001551,O00457,P020,4,0.1,143.96
S001552,O00725,P004,1,0.0,29.99
S001553,O00728,P018,3,0.05,199.47
S001554,O00226,P016,1,0.0,39.99
S001555,O00982,P003,4,0.0,139.96
S001556,O00131,P006,4,0.2,3323.87
S001557,O00588,P007,3,0.0,77.97
S001558,O00476,P020,4,0.0,159.96
S001559,O00798,P003,2,0.1,62.98
S001560,O00986,P016,4,0.0,159.96
S001561,O00277,P006,2,0.0,159.98
S001562,O00156,P014,1,0.1,40.49
S001563,O00760,P007,2,0.0,51.98
S001564,O00218,P010,2,0.2,95.98
S001565,O00190,P016,1,0.0,39.99
S001566,O00417,P016,4,0.2,127.97
S001567,O00981,P018,2,0.15,118.98
S001568,O00675,P001,4,0.0,199.96
S001569,O00692,P012,1,0.0,35.99
S001570,O00546,P002,3,0.0,599.97
S001571,O00041,P007,4,0.1,93.56
S001572,O00307,P009,4,0.05,56.96
S001573,O00943,P006,3,0.1,215.97
S001574,O00338,P009,3,0.0,44.97
S001575,O00314,P020,1,0.0,39.99
S001576,O00075,P002,4,0.1,719.96
S001577,O00953,P012,4,0.05,136.76
S001578,O00279,P006,1,0.2,63.99
S001579,O00176,P002,4,0.1,719.96
S001580,O00896,P002,2,0.0,399.98
S001581,O00662,P019,2,0.05,246.98
S001582,O00273,P018,2,0.0,1556.23
S001583,O00837,P018,4,0.05,265.96
S001584,O00620,P020,2,0.05,75.98
S001585,O00651,P003,2,0.1,62.98
S001586,O00862,P006,1,0.1,71.99
S001587,O00783,P012,1,0.1,32.39
S001588,O00859,P008,3,0.05,56.97
S001589,O00931,P007,3,0.05,74.07
S001590,O00289,P006,3,0.0,239.97
S001591,O00724,P010,3,0.0,179.97
S001592,O00893,P010,1,0.1,53.99
S001593,O00272,P002,1,0.15,169.99
S001594,O00930,P008,1,0.0,19.99
S001595,O00066,P009,2,0.0,29.98
S001596,O00483,P010,2,0.0,119.98
S001597,O00936,P003,3,0.1,94.47
S001598,O00248,P014,2,0.2,71.98
S001599,O00156,P001,4,0.0,199.96
S001600,O00047,P006,1,0.0,79.99
S001601,O00935,P015,3,0.15,33.12
S001602,O00454,P010,3,0.15,152.97
S001603,O00201,P004,4,0.2,95.97
S001604,O00660,P013,2,0.1,34.18
S001605,O00124,P010,3,0.05,170.97
S001606,O00001,P016,2,0.0,79.98
S001607,O00968,P014,2,0.05,85.48
S001608,O00759,P011,4,0.15,78.17
S001609,O00855,P008,3,0.15,50.97
S001610,O00640,P002,2,0.0,399.98
S001611,O00191,P004,2,0.0,59.98
S001612,O00579,P007,4,0.2,83.17
S001613,O00516,P011,4,0.0,91.96
S001614,O00442,P009,2,0.0,29.98
S001615,O00921,P004,4,0.2,95.97
S001616,O00815,P001,2,0.0,99.98
S001617,O00806,P008,3,0.0,59.97
S001618,O00143,P004,1,0.0,29.99
S001619,O00191,P014,4,0.0,179.96
S001620,O00533,P001,1,0.1,44.99
S001621,O00227,P010,2,0.0,119.98
S001622,O00313,P019,2,0.0,259.98
S001623,O00629,P003,2,0.0,69.98
S001624,O00949,P008,1,0.0,19.99
S001625,O00302,P001,2,0.05,94.98
S001626,O00654,P011,4,0.2,73.57
S001627,O00996,P009,3,0.0,44.97
S001628,O00460,P007,3,0.2,62.38
S001629,O00401,P009,4,0.0,59.96
S001630,O00551,P018,3,0.0,209.97
S001631,O00393,P003,1,0.0,34.99
S001632,O00867,P001,2,0.05,94.98
S001633,O00764,P017,2,0.2,23.98
S001634,O00845,P010,2,0.0,119.98
S001635,O00207,P018,1,0.05,66.49
S001636,O00210,P011,1,0.2,18.39
S001637,O00115,P016,1,0.0,39.99
S001638,O00737,P007,4,0.15,88.37
S001639,O00646,P014,1,0.0,44.99
S001640,O00251,P018,3,0.15,178.47
S001641,O00219,P010,4,0.1,215.96
S001642,O00407,P003,4,0.15,118.97
S001643,O00443,P004,4,0.1,107.96
S001644,O00603,P003,1,0.0,34.99
S001645,O00354,P004,4,0.1,107.96
S001646,O00888,P005,1,0.05,85.49
S001647,O00558,P009,1,0.1,13.49
S001648,O00550,P010,4,0.05,227.96
S001649,O00142,P007,2,0.2,41.58
S001650,O00612,P011,2,0.2,36.78
S001651,O00501,P001,4,0.15,169.97
S001652,O00840,P001,2,0.15,84.98
S001653,O00702,P002,3,0.15,509.97
S001654,O00547,P009,3,0.1,40.47
S001655,O00659,P003,1,0.15,29.74
S001656,O00542,P004,2,0.1,53.98
S001657,O00846,P006,3,0.1,215.97
S001658,O00507,P016,4,0.0,159.96
S001659,O00596,P001,2,0.0,937.31
S001660,O00881,P011,3,0.1,62.07
S001661,O00281,P012,3,0.2,86.38
S001662,O00424,P016,4,0.05,151.96
S001663,O00856,P019,1,0.0,129.99
S001664,O00270,P001,4,0.0,199.96
S001665,O00154,P002,1,0.0,199.99
S001666,O00614,P018,3,0.1,188.97
S001667,O00727,P007,1,0.0,25.99
S001668,O00662,P010,3,0.0,179.97
S001669,O00944,P012,3,0.0,107.97
S001670,O00083,P012,2,0.05,68.38
S001671,O00622,P019,1,0.1,116.99
S001672,O00947,P020,1,0.0,39.99
S001673,O00899,P013,1,0.2,15.19
S001674,O00426,P004,4,0.0,119.96
S001675,O00275,P018,2,0.1,125.98
S001676,O00713,P001,2,0.0,99.98
S001677,O00284,P004,2,0.2,47.98
S001678,O00980,P018,4,0.2,223.97
S001679,O00173,P004,1,0.15,25.49
S001680,O00327,P003,1,0.05,33.24
S001681,O00718,P002,1,0.2,159.99
S001682,O00063,P017,2,0.0,29.98
S001683,O00073,P009,2,0.05,28.48
S001684,O00763,P012,3,0.1,97.17
S001685,O00636,P004,4,0.15,101.97
S001686,O00375,P014,4,0.0,179.96
S001687,O00633,P014,2,0.05,85.48
S001688,O00508,P005,3,0.0,269.97
S001689,O00787,P007,1,0.0,25.99
S001690,O00943,P003,2,0.0,69.98
S001691,O00398,P020,4,0.05,151.96
S001692,O00120,P011,4,0.15,78.17
S001693,O00934,P019,4,0.0,519.96
S001694,O00437,P005,1,0.0,89.99
S001695,O00829,P015,4,0.0,51.96
S001696,O00676,P014,1,0.1,40.49
S001697,O00936,P012,1,0.1,32.39
S001698,O00465,P020,1,0.15,33.99
S001699,O00286,P006,2,0.0,159.98
S001700,O00265,P002,1,0.0,199.99
S001701,O00320,P012,3,0.0,107.97
S001702,O00673,P013,4,0.0,75.96
S001703,O00376,P010,2,0.05,113.98
S001704,O00820,P003,4,0.15,118.97
S001705,O00089,P009,1,0.1,13.49
S001706,O00654,P005,2,0.1,161.98
S001707,O00203,P007,3,0.05,74.07
S001708,O00821,P011,1,0.0,22.99
S001709,O00739,P014,4,0.05,170.96
S001710,O00955,P004,3,0.15,76.47
S001711,O00334,P007,1,0.0,25.99
S001712,O00222,P004,3,0.05,85.47
S001713,O00041,P003,1,0.0,34.99
S001714,O00708,P015,2,0.15,22.08
S001715,O00068,P018,1,0.2,55.99
S001716,O00988,P006,2,0.15,135.98
S001717,O00776,P014,1,0.0,44.99
S001718,O00514,P018,1,0.0,69.99
S001719,O00873,P016,4,0.1,143.96
S001720,O00637,P003,3,0.05,99.72
S001721,O00622,P019,3,0.2,311.98
S001722,O00598,P006,3,0.15,203.97
S001723,O00937,P006,1,0.0,79.99
S001724,O00632,P001,1,0.2,39.99
S001725,O00127,P008,1,0.0,19.99
S001726,O00255,P002,2,0.0,399.98
S001727,O00695,P004,2,0.0,59.98
S001728,O00016,P005,4,0.15,305.97
S001729,O00477,P016,1,0.0,39.99
S001730,O00062,P018,3,0.0,209.97
S001731,O00881,P005,3,0.0,269.97
S001732,O00432,P017,4,0.0,59.96
S001733,O00670,P017,3,0.0,44.97
S001734,O00268,P014,4,0.2,143.97
S001735,O00035,P002,1,0.0,199.99
S001736,O00779,P012,3,0.0,107.97
S001737,O00576,P019,1,0.1,116.99
S001738,O00494,P012,2,0.1,64.78
S001739,O00562,P006,3,0.0,239.97
S001740,O00469,P009,2,0.2,23.98
S001741,O00767,P011,3,0.05,65.52
S001742,O00661,P009,1,0.0,14.99
S001743,O00325,P002,4,0.15,679.97
S001744,O00304,P005,1,0.2,71.99
S001745,O00276,P016,1,0.05,37.99
S001746,O00869,P017,1,0.15,12.74
S001747,O00963,P002,3,0.05,569.97
S001748,O00684,P019,4,0.05,493.96
S001749,O00929,P006,2,0.1,143.98
S001750,O00201,P012,1,0.0,35.99
S001751,O00445,P014,3,0.05,128.22
S001752,O00905,P016,2,0.0,79.98
S001753,O00324,P019,1,0.15,110.49
S001754,O00035,P005,2,0.2,143.98
S001755,O00977,P017,1,0.1,13.49
S001756,O00482,P002,2,0.15,339.98
S001757,O00728,P013,2,0.0,37.98
S001758,O00480,P014,4,0.0,179.96
S001759,O00065,P012,4,0.05,136.76
S001760,O00008,P004,1,0.0,29.99
S001761,O00301,P018,3,0.0,209.97
S001762,O00343,P002,4,0.0,799.96
S001763,O00431,P001,2,0.05,94.98
S001764,O00424,P013,4,0.15,64.57
S001765,O00332,P008,4,0.0,79.96
S001766,O00438,P017,1,0.1,13.49
S001767,O00588,P006,4,0.2,255.97
S001768,O00174,P002,4,0.1,719.96
S001769,O00559,P016,2,0.1,71.98
S001770,O00527,P009,4,0.15,50.97
S001771,O00873,P003,2,0.0,69.98
S001772,O00659,P013,4,0.2,60.77
S001773,O00026,P009,4,0.1,53.96
S001774,O00820,P011,3,0.1,62.07
S001775,O00605,P007,4,0.0,103.96
S001776,O00406,P016,2,0.15,67.98
S001777,O00232,P016,2,0.2,63.98
S001778,O00533,P013,1,0.1,17.09
S001779,O00819,P002,1,0.05,189.99
S001780,O00550,P016,3,0.15,101.97
S001781,O00788,P012,2,0.2,57.58
S001782,O00505,P013,2,0.1,34.18
S001783,O00669,P006,2,0.1,143.98
S001784,O00179,P018,3,0.0,209.97
S001785,O00132,P013,2,0.2,30.38
S001786,O00823,P002,1,0.05,189.99
S001787,O00455,P007,3,0.15,66.27
S001788,O00348,P018,1,0.0,69.99
S001789,O00540,P001,1,0.0,49.99
S001790,O00772,P019,3,0.05,370.47
S001791,O00406,P012,4,0.0,143.96
S001792,O00076,P011,4,0.05,87.36
S001793,O00941,P004,1,0.2,23.99
S001794,O00579,P004,4,0.0,119.96
S001795,O00854,P019,2,0.2,207.98
S001796,O00492,P005,3,0.0,269.97
S001797,O00194,P015,1,0.05,12.34
S001798,O00984,P006,2,0.0,159.98
S001799,O00162,P002,4,0.05,759.96
S001800,O00347,P001,2,0.2,79.98
S001801,O00951,P009,4,0.05,56.96
S001802,O00361,P020,1,0.0,39.99
S001803,O00769,P006,2,0.0,159.98
S001804,O00584,P006,3,0.0,239.97
S001805,O00087,P006,1,0.1,71.99
S001806,O00934,P009,2,0.05,28.48
S001807,O00262,P007,2,0.15,44.18
S001808,O00214,P018,4,0.05,265.96
S001809,O00665,P009,1,0.0,14.99
S001810,O00722,P009,1,0.2,11.99
S001811,O00913,P002,1,0.15,169.99
S001812,O00573,P020,1,0.0,39.99
S001813,O00780,P004,4,0.0,119.96
S001814,O00262,P001,3,0.05,142.47
S001815,O00730,P012,1,0.0,35.99
S001816,O00283,P010,4,0.0,239.96
S001817,O00648,P007,3,0.1,70.17
S001818,O00467,P007,3,0.1,70.17
S001819,O00380,P015,4,0.0,51.96
S001820,O00362,P003,1,0.1,31.49
S001821,O00449,P016,3,0.2,1260.68
S001822,O00441,P011,1,0.15,19.54
S001823,O00093,P007,1,0.0,25.99
S001824,O00621,P007,2,0.1,46.78
S001825,O00753,P004,1,0.0,29.99
S001826,O00867,P014,2,0.05,882.23
S001827,O00424,P009,3,0.15,38.22
S001828,O00142,P005,4,0.1,323.96
S001829,O00291,P010,2,0.0,119.98
S001830,O00432,P020,4,0.05,151.96
S001831,O00749,P007,3,0.2,62.38
S001832,O00852,P018,1,0.0,69.99
S001833,O00824,P006,3,0.05,227.97
S001834,O00689,P001,4,0.2,159.97
S001835,O00653,P003,3,0.2,83.98
S001836,O00701,P007,1,0.15,22.09
S001837,O00998,P003,3,0.0,104.97
S001838,O00049,P001,1,0.1,44.99
S001839,O00302,P018,2,0.1,125.98
S001840,O00881,P016,4,0.0,159.96
S001841,O00190,P014,1,0.05,42.74
S001842,O00136,P002,1,0.0,199.99
S001843,O00555,P002,3,0.0,599.97
S001844,O00404,P001,2,0.1,89.98
S001845,O00892,P013,1,0.05,18.04
S001846,O00865,P019,2,0.15,220.98
S001847,O00602,P007,2,0.0,51.98
S001848,O00807,P002,3,0.15,509.97
S001849,O00341,P009,1,0.15,12.74
S001850,O00757,P006,3,0.15,203.97
S001851,O00945,P006,4,0.0,319.96
S001852,O00704,P011,4,0.0,91.96
S001853,O00318,P013,1,0.2,15.19
S001854,O00618,P002,2,0.2,319.98
S001855,O00363,P001,1,0.0,49.99
S001856,O00822,P020,1,0.2,31.99
S001857,O00382,P004,4,0.0,119.96
S001858,O00233,P001,4,0.2,159.97
S001859,O00777,P003,2,0.1,62.98
S001860,O00344,P001,2,0.0,99.98
S001861,O00549,P006,1,0.2,63.99
S001862,O00817,P016,3,0.0,119.97
S001863,O00553,P006,1,0.0,79.99
S001864,O00529,P007,2,0.0,51.98
S001865,O00856,P012,3,0.0,107.97
S001866,O00789,P009,4,0.1,53.96
S001867,O00819,P017,2,0.2,23.98
S001868,O00571,P018,2,0.1,125.98
S001869,O00935,P001,3,0.2,119.98
S001870,O00183,P015,2,0.0,25.98
S001871,O00041,P007,2,0.15,44.18
S001872,O00551,P020,2,0.2,63.98
S001873,O00397,P008,2,0.15,33.98
S001874,O00704,P020,2,0.0,79.98
S001875,O00779,P014,2,0.1,80.98
S001876,O00494,P004,2,0.15,50.98
S001877,O00659,P009,2,0.1,26.98
S001878,O00907,P020,4,0.2,127.97
S001879,O00333,P017,2,0.2,23.98
S001880,O00127,P002,4,0.0,799.96
S001881,O00558,P013,4,0.2,60.77
S001882,O00557,P006,1,0.0,79.99
S001883,O00001,P001,1,0.15,42.49
S001884,O00168,P006,4,0.2,255.97
S001885,O00620,P004,4,0.0,119.96
S001886,O00019,P016,2,0.05,75.98
S001887,O00332,P006,1,0.0,79.99
S001888,O00584,P016,3,0.05,113.97
S001889,O00456,P001,1,0.05,47.49
S001890,O00957,P005,4,0.1,323.96
S001891,O00109,P004,4,0.0,119.96
S001892,O00268,P004,2,0.1,53.98
S001893,O00445,P001,2,0.15,84.98
S001894,O00240,P003,1,0.0,34.99
S001895,O00929,P009,2,0.15,25.48
S001896,O00301,P005,3,0.0,269.97
S001897,O00602,P007,3,0.0,77.97
S001898,O00103,P006,2,0.1,143.98
S001899,O00988,P018,3,0.2,167.98
S001900,O00250,P018,3,0.2,167.98
S001901,O00453,P008,1,0.1,17.99
S001902,O00520,P006,3,0.15,203.97
S001903,O00153,P002,4,0.1,719.96
S001904,O00859,P019,4,0.1,467.96
S001905,O00174,P001,1,0.05,47.49
S001906,O00343,P005,2,0.0,179.98
S001907,O00670,P005,1,0.2,71.99
S001908,O00431,P005,2,0.05,170.98
S001909,O00727,P002,2,0.1,359.98
S001910,O00689,P015,2,0.0,25.98
S001911,O00687,P002,2,0.05,379.98
S001912,O00852,P011,2,0.1,41.38
S001913,O00850,P002,1,0.2,159.99
S001914,O00658,P001,2,0.1,89.98
S001915,O00962,P018,3,0.0,209.97
S001916,O00324,P003,3,0.15,89.22
S001917,O00990,P016,2,0.0,79.98
S001918,O00673,P009,3,0.05,42.72
S001919,O00639,P001,4,0.05,189.96
S001920,O00420,P019,1,0.05,123.49
S001921,O00594,P004,1,0.1,26.99
S001922,O00485,P017,2,0.0,29.98
S001923,O00659,P002,2,0.1,359.98
S001924,O00751,P017,4,0.1,53.96
S001925,O00412,P001,2,0.15,84.98
S001926,O00936,P009,3,0.0,44.97
S001927,O00084,P015,4,0.0,51.96
S001928,O00113,P019,3,0.05,370.47
S001929,O00737,P018,1,0.0,69.99
S001930,O00332,P016,3,0.05,113.97
S001931,O00378,P018,1,0.1,62.99
S001932,O00755,P003,3,0.0,104.97
S001933,O00655,P004,1,0.2,23.99
S001934,O00041,P005,2,0.0,179.98
S001935,O00935,P006,3,0.0,239.97
S001936,O00770,P006,1,0.0,79.99
S001937,O00959,P009,3,0.05,42.72
S001938,O00797,P002,4,0.0,799.96
S001939,O00105,P012,2,0.2,57.58
S001940,O00202,P002,1,0.2,159.99
S001941,O00450,P005,4,0.15,305.97
S001942,O00819,P009,3,0.0,44.97
S001943,O00843,P016,4,0.15,135.97
S001944,O00973,P014,3,0.1,121.47
S001945,O00266,P011,2,0.0,45.98
S001946,O00910,P002,4,0.0,799.96
S001947,O00210,P009,2,0.15,25.48
S001948,O00563,P001,1,0.1,44.99
S001949,O00118,P006,3,0.0,239.97
S001950,O00713,P007,3,0.1,70.17
S001951,O00377,P001,2,0.05,94.98
S001952,O00551,P004,2,0.15,50.98
S001953,O00540,P019,1,0.1,116.99
S001954,O00771,P019,4,0.0,519.96
S001955,O00084,P006,3,0.1,215.97
S001956,O00454,P001,3,0.0,149.97
S001957,O00667,P003,1,0.0,34.99
S001958,O00629,P006,1,0.0,79.99
S001959,O00514,P019,2,0.2,207.98
S001960,O00605,P002,2,0.0,399.98
S001961,O00678,P014,4,0.2,143.97
S001962,O00387,P002,1,0.1,179.99
S001963,O00912,P020,4,0.05,151.96
S001964,O00350,P006,1,0.1,71.99
S001965,O00296,P015,3,0.0,38.97
S001966,O00258,P006,1,0.1,71.99
S001967,O00081,P011,1,0.0,22.99
S001968,O00937,P003,3,0.0,104.97
S001969,O00268,P002,1,0.05,189.99
S001970,O00419,P019,4,0.2,415.97
S001971,O00235,P018,2,0.1,125.98
S001972,O00833,P018,2,0.1,125.98
S001973,O00311,P011,4,0.0,91.96
S001974,O00813,P016,3,0.05,113.97
S001975,O00975,P001,1,0.15,42.49
S001976,O00986,P006,4,0.2,255.97
S001977,O00357,P005,2,0.1,161.98
S001978,O00213,P011,2,0.1,41.38
S001979,O00574,P006,4,0.15,271.97
S001980,O00049,P002,2,0.2,319.98
S001981,O00127,P011,4,0.0,91.96
S001982,O00223,P016,2,0.0,79.98
S001983,O00921,P006,4,0.0,319.96
S001984,O00279,P002,1,0.0,199.99
S001985,O00408,P003,1,0.05,33.24
S001986,O00505,P004,1,0.1,26.99
S001987,O00294,P005,1,0.2,71.99
S001988,O00796,P011,2,0.1,41.38
S001989,O00277,P011,3,0.0,68.97
S001990,O00438,P013,4,0.2,60.77
S001991,O00107,P006,3,0.2,191.98
S001992,O00658,P016,2,0.1,71.98
S001993,O00420,P003,2,0.0,69.98
S001994,O00611,P008,3,0.0,59.97
S001995,O00429,P016,3,0.0,119.97
S001996,O00375,P003,2,0.0,69.98
S001997,O00073,P002,2,0.1,359.98
S001998,O00949,P018,4,0.0,279.96
S001999,O00998,P006,1,0.0,79.99
S002000,O00634,P012,1,0.2,28.79
S002001,O00030,P001,4,0.05,189.96
S002002,O00188,P012,3,0.1,97.17
S002003,O00364,P005,2,0.15,152.98
S002004,O00866,P001,3,0.05,142.47
S002005,O00800,P011,1,0.1,20.69
S002006,O00451,P004,1,0.05,28.49
S002007,O00195,P006,3,0.0,239.97
S002008,O00156,P001,1,0.05,47.49
S002009,O00172,P002,2,0.0,399.98
S002010,O00847,P005,4,0.05,341.96
S002011,O00041,P001,3,0.1,134.97
S002012,O00063,P018,2,0.15,1020.11
S002013,O00023,P001,2,0.15,84.98
S002014,O00360,P008,1,0.0,19.99
S002015,O00075,P002,2,0.2,319.98
S002016,O00560,P005,3,0.05,256.47
S002017,O00672,P019,2,0.15,220.98
S002018,O00825,P002,4,0.05,759.96
S002019,O00118,P020,2,0.2,63.98
S002020,O00612,P003,2,0.15,59.48
S002021,O00380,P014,4,0.2,143.97
S002022,O00929,P009,2,0.05,28.48
S002023,O00920,P018,2,0.1,125.98
S002024,O00679,P009,1,0.05,14.24
S002025,O00290,P009,3,0.2,35.98
S002026,O00440,P003,1,0.1,31.49
S002027,O00668,P002,3,0.1,539.97
S002028,O00933,P018,4,0.0,279.96
S002029,O00007,P006,4,0.15,271.97
S002030,O00196,P006,4,0.0,319.96
S002031,O00421,P014,3,0.1,121.47
S002032,O00568,P006,3,0.2,191.98
S002033,O00833,P019,3,0.15,331.47
S002034,O00193,P014,4,0.0,179.96
S002035,O00559,P011,3,0.05,65.52
S002036,O00148,P018,2,0.2,111.98
S002037,O00787,P001,1,0.0,49.99
S002038,O00669,P004,4,0.2,95.97
S002039,O00202,P008,1,0.05,18.99
S002040,O00444,P003,2,0.0,69.98
S002041,O00914,P014,3,0.2,107.98
S002042,O00988,P018,1,0.1,62.99
S002043,O00419,P007,2,0.0,51.98
S002044,O00427,P006,2,0.1,143.98
S002045,O00479,P020,1,0.05,37.99
S002046,O00475,P007,4,0.2,83.17
S002047,O00126,P008,1,0.0,19.99
S002048,O00395,P006,4,0.1,287.96
S002049,O00817,P018,3,0.0,209.97
S002050,O00881,P010,4,0.05,227.96
S002051,O00806,P014,3,0.0,134.97
S002052,O00576,P016,1,0.0,39.99
S002053,O00325,P006,3,0.2,191.98
S002054,O00392,P007,2,0.1,46.78
S002055,O00930,P017,3,0.0,44.97
S002056,O00688,P006,4,0.05,303.96
S002057,O00628,P016,4,0.1,143.96
S002058,O00440,P019,4,0.1,467.96
S002059,O00204,P011,3,0.0,68.97
S002060,O00486,P014,4,0.2,143.97
S002061,O00833,P016,4,0.0,159.96
S002062,O00031,P016,2,0.05,75.98
S002063,O00388,P006,3,0.0,239.97
S002064,O00625,P001,2,0.15,84.98
S002065,O00877,P006,4,0.15,271.97
S002066,O00434,P012,4,0.05,136.76
S002067,O00837,P007,4,0.2,83.17
S002068,O00926,P014,3,0.0,134.97
S002069,O00376,P006,1,0.15,67.99
S002070,O00344,P011,4,0.0,91.96
S002071,O00443,P003,4,0.0,139.96
S002072,O00579,P014,4,0.1,161.96
S002073,O00075,P009,4,0.15,50.97
S002074,O00557,P003,3,0.0,104.97
S002075,O00772,P005,1,0.1,80.99
S002076,O00666,P014,1,0.0,44.99
S002077,O00155,P008,1,0.05,18.99
S002078,O00430,P003,4,0.1,125.96
S002079,O00363,P020,4,0.0,159.96
S002080,O00448,P013,1,0.05,18.04
S002081,O00987,P019,1,0.05,123.49
S002082,O00234,P007,4,0.0,103.96
S002083,O00563,P008,4,0.0,79.96
S002084,O00818,P018,2,0.0,139.98
S002085,O00262,P009,2,0.0,29.98
S002086,O00827,P013,2,0.0,37.98
S002087,O00125,P004,1,0.05,28.49
S002088,O00911,P007,3,0.2,62.38
S002089,O00245,P002,4,0.0,799.96
S002090,O00542,P003,2,0.0,69.98
S002091,O00938,P001,3,0.2,119.98
S002092,O00485,P001,4,0.2,159.97
S002093,O00122,P020,3,0.2,95.98
S002094,O00125,P004,1,0.0,29.99
S002095,O00549,P012,1,0.0,35.99
S002096,O00170,P016,1,0.0,39.99
S002097,O00124,P009,2,0.1,26.98
S002098,O00869,P002,4,0.2,639.97
S002099,O00035,P013,1,0.2,15.19
S002100,O00087,P011,2,0.0,45.98
S002101,O00646,P014,2,0.0,89.98
S002102,O00708,P015,2,0.05,24.68
S002103,O00786,P020,2,0.0,79.98
S002104,O00201,P010,1,0.15,50.99
S002105,O00369,P006,2,0.05,151.98
S002106,O00797,P011,1,0.2,18.39
S002107,O00077,P001,1,0.1,44.99
S002108,O00059,P018,2,0.0,139.98
S002109,O00431,P002,1,0.1,179.99
S002110,O00638,P006,4,0.0,319.96
S002111,O00500,P016,4,0.0,159.96
S002112,O00913,P011,3,0.1,62.07
S002113,O00109,P006,4,0.0,319.96
S002114,O00736,P008,1,0.0,19.99
S002115,O00278,P017,1,0.0,14.99
S002116,O00068,P006,4,0.15,271.97
S002117,O00069,P018,2,0.0,139.98
S002118,O00165,P001,2,0.0,99.98
S002119,O00489,P015,1,0.2,10.39
S002120,O00305,P017,2,0.0,29.98
S002121,O00909,P003,3,0.1,94.47
S002122,O00674,P007,3,0.2,62.38
S002123,O00365,P002,4,0.0,799.96
S002124,O00854,P013,4,0.2,60.77
S002125,O00821,P009,2,0.15,25.48
S002126,O00379,P011,1,0.0,22.99
S002127,O00343,P003,4,0.05,132.96
S002128,O00947,P003,3,0.0,104.97
S002129,O00899,P001,4,0.15,169.97
S002130,O00554,P005,4,0.2,287.97
S002131,O00354,P010,3,0.0,179.97
S002132,O00416,P017,1,0.0,14.99
S002133,O00109,P012,4,0.0,143.96
S002134,O00563,P007,4,0.0,103.96
S002135,O00762,P019,4,0.05,493.96
S002136,O00497,P013,2,0.0,37.98
S002137,O00341,P019,4,0.2,415.97
S002138,O00942,P009,3,0.2,35.98
S002139,O00383,P004,1,0.1,26.99
S002140,O00533,P001,1,0.1,44.99
S002141,O00300,P013,3,0.0,56.97
S002142,O00139,P002,2,0.0,399.98
S002143,O00359,P005,3,0.0,269.97
S002144,O00836,P009,1,0.0,14.99
S002145,O00499,P010,3,0.15,152.97
S002146,O00385,P011,2,0.15,39.08
S002147,O00604,P002,1,0.15,169.99
S002148,O00959,P006,2,0.05,151.98
S002149,O00280,P011,3,0.0,68.97
S002150,O00637,P020,4,0.0,159.96
S002151,O00483,P013,3,0.1,51.27
S002152,O00909,P018,2,0.2,111.98
S002153,O00111,P014,3,0.15,114.72
S002154,O00866,P010,4,0.1,215.96
S002155,O00139,P003,2,0.1,62.98
S002156,O00996,P012,3,0.0,107.97
S002157,O00435,P011,2,0.05,43.68
S002158,O00509,P011,2,0.0,45.98
S002159,O00273,P008,1,0.05,18.99
S002160,O00099,P009,1,0.0,14.99
S002161,O00764,P006,2,0.0,159.98
S002162,O00850,P009,3,0.0,44.97
S002163,O00104,P003,3,0.0,104.97
S002164,O00214,P016,3,0.05,113.97
S002165,O00761,P003,4,0.05,132.96
S002166,O00664,P001,2,0.0,99.98
S002167,O00762,P007,2,0.1,46.78
S002168,O00787,P012,4,0.0,143.96
S002169,O00165,P007,2,0.05,49.38
S002170,O00999,P004,2,0.0,59.98
S002171,O00853,P010,4,0.2,191.97
S002172,O00520,P006,1,0.0,79.99
S002173,O00284,P019,2,0.15,220.98
S002174,O00517,P018,4,0.2,223.97
S002175,O00657,P009,3,0.0,44.97
S002176,O00613,P006,1,0.15,67.99
S002177,O00164,P014,3,0.1,121.47
S002178,O00886,P001,2,0.0,99.98
S002179,O00659,P008,1,0.15,16.99
S002180,O00064,P006,4,0.1,287.96
S002181,O00091,P018,2,0.15,118.98
S002182,O00117,P001,4,0.0,199.96
S002183,O00866,P009,1,0.0,14.99
S002184,O00267,P014,3,0.0,134.97
S002185,O00822,P008,2,0.0,39.98
S002186,O00685,P001,2,0.0,99.98
S002187,O00559,P020,4,0.0,159.96
S002188,O00140,P009,1,0.2,11.99
S002189,O00246,P011,4,0.0,91.96
S002190,O00661,P004,1,0.2,23.99
S002191,O00758,P008,2,0.0,39.98
S002192,O00395,P007,1,0.0,25.99
S002193,O00487,P001,2,0.1,89.98
S002194,O00476,P002,1,0.1,179.99
S002195,O00517,P016,3,0.05,113.97
S002196,O00977,P004,1,0.1,26.99
S002197,O00184,P003,3,0.0,104.97
S002198,O00020,P009,1,0.0,14.99
S002199,O00937,P014,1,0.0,44.99
S002200,O00558,P001,4,0.0,199.96
S002201,O00524,P010,4,0.1,215.96
S002202,O00582,P002,2,0.2,319.98
S002203,O00529,P001,4,0.0,199.96
S002204,O00883,P001,1,0.05,47.49
S002205,O00147,P016,4,0.0,159.96
S002206,O00666,P002,1,0.05,189.99
S002207,O00304,P001,3,0.1,134.97
S002208,O00620,P007,1,0.0,25.99
S002209,O00748,P016,2,0.05,75.98
S002210,O00820,P004,3,0.0,89.97
S002211,O00864,P007,2,0.0,51.98
S002212,O00582,P001,2,0.05,94.98
S002213,O00695,P007,2,0.05,49.38
S002214,O00762,P010,4,0.15,203.97
S002215,O00228,P010,2,0.0,119.98
S002216,O00102,P006,3,0.0,239.97
S002217,O00587,P005,1,0.0,89.99
S002218,O00417,P002,2,0.1,359.98
S002219,O00958,P006,3,0.05,227.97
S002220,O00216,P002,2,0.05,379.98
S002221,O00407,P014,1,0.2,35.99
S002222,O00399,P020,3,0.0,119.97
S002223,O00923,P020,3,0.0,119.97
S002224,O00715,P017,1,0.1,13.49
S002225,O00704,P011,3,0.0,68.97
S002226,O00761,P013,1,0.0,18.99
S002227,O00499,P004,3,0.0,89.97
S002228,O00754,P011,3,0.15,58.62
S002229,O00465,P007,1,0.0,25.99
S002230,O00691,P008,1,0.0,19.99
S002231,O00949,P014,3,0.1,121.47
S002232,O00974,P004,3,0.05,85.47
S002233,O00731,P005,1,0.0,89.99
S002234,O00082,P019,4,0.15,441.97
S002235,O00604,P001,1,0.0,49.99
S002236,O00947,P008,3,0.0,59.97
S002237,O00687,P018,3,0.15,178.47
S002238,O00751,P011,3,0.1,62.07
S002239,O00772,P009,1,0.2,11.99
S002240,O00903,P004,3,0.2,71.98
S002241,O00365,P006,4,0.2,255.97
S002242,O00163,P017,2,0.0,29.98
S002243,O00048,P010,4,0.15,203.97
S002244,O00511,P009,1,0.0,14.99
S002245,O00329,P002,3,0.05,569.97
S002246,O00840,P001,1,0.0,49.99
S002247,O00116,P020,2,0.0,79.98
S002248,O00941,P006,1,0.2,63.99
S002249,O00849,P011,3,0.05,65.52
S002250,O00337,P001,2,0.2,79.98
S002251,O00881,P012,2,0.0,71.98
S002252,O00737,P019,3,0.0,389.97
S002253,O00864,P010,3,0.2,143.98
S002254,O00840,P002,3,0.2,479.98
S002255,O00147,P010,1,0.2,47.99
S002256,O00575,P014,4,0.0,179.96
S002257,O00806,P007,1,0.0,25.99
S002258,O00323,P018,1,0.05,66.49
S002259,O00443,P011,4,0.0,91.96
S002260,O00837,P018,3,0.05,199.47
S002261,O00013,P011,3,0.0,68.97
S002262,O00943,P002,4,0.1,719.96
S002263,O00494,P005,4,0.2,287.97
S002264,O00701,P003,1,0.05,33.24
S002265,O00287,P018,2,0.1,125.98
S002266,O00720,P014,4,0.1,161.96
S002267,O00114,P012,1,0.0,35.99
S002268,O00480,P005,2,0.0,179.98
S002269,O00022,P003,3,0.2,83.98
S002270,O00349,P014,3,0.0,134.97
S002271,O00726,P008,1,0.15,16.99
S002272,O00683,P003,1,0.0,34.99
S002273,O00835,P011,4,0.05,87.36
S002274,O00566,P001,3,0.0,149.97
S002275,O00906,P005,1,0.05,85.49
S002276,O00810,P008,3,0.15,50.97
S002277,O00320,P002,3,0.15,509.97
S002278,O00126,P020,4,0.2,127.97
S002279,O00277,P003,2,0.1,62.98
S002280,O00976,P002,4,0.2,639.97
S002281,O00204,P003,1,0.0,34.99
S002282,O00194,P014,4,0.0,179.96
S002283,O00681,P007,4,0.05,98.76
S002284,O00664,P010,3,0.0,179.97
S002285,O00547,P001,4,0.0,199.96
S002286,O00696,P001,1,0.05,47.49
S002287,O00286,P007,2,0.0,51.98
S002288,O00057,P016,4,0.0,159.96
S002289,O00734,P018,4,0.05,265.96
S002290,O00303,P001,2,0.0,99.98
S002291,O00163,P009,1,0.15,12.74
S002292,O00019,P018,1,0.0,69.99
S002293,O00370,P006,4,0.0,319.96
S002294,O00264,P016,3,0.0,119.97
S002295,O00794,P002,4,0.2,639.97
S002296,O00113,P019,2,0.05,246.98
S002297,O00488,P014,2,0.05,85.48
S002298,O00327,P019,2,0.05,246.98
S002299,O00542,P012,4,0.0,143.96
S002300,O00647,P006,4,0.0,319.96
S002301,O00579,P019,1,0.05,123.49
S002302,O00065,P004,3,0.0,89.97
S002303,O00292,P006,4,0.0,319.96
S002304,O00025,P013,1,0.15,16.14
S002305,O00549,P014,4,0.15,152.97
S002306,O00001,P019,1,0.0,129.99
S002307,O00911,P003,1,0.0,34.99
S002308,O00549,P016,3,0.15,101.97
S002309,O00141,P014,4,0.05,170.96
S002310,O00744,P001,1,0.1,44.99
S002311,O00648,P006,2,0.1,143.98
S002312,O00901,P004,2,0.0,59.98
S002313,O00188,P005,2,0.2,143.98
S002314,O00128,P020,3,0.15,101.97
S002315,O00201,P011,1,0.15,19.54
S002316,O00127,P013,3,0.0,56.97
S002317,O00257,P020,4,0.1,143.96
S002318,O00676,P006,4,0.0,319.96
S002319,O00547,P016,1,0.05,37.99
S002320,O00194,P007,2,0.05,49.38
S002321,O00703,P018,1,0.0,69.99
S002322,O00104,P003,1,0.0,34.99
S002323,O00535,P019,1,0.1,116.99
S002324,O00265,P003,3,0.0,104.97
S002325,O00802,P005,4,0.0,359.96
S002326,O00942,P014,1,0.0,44.99
S002327,O00974,P006,1,0.2,63.99
S002328,O00384,P011,1,0.0,22.99
S002329,O00260,P007,3,0.05,74.07
S002330,O00414,P014,3,0.1,121.47
S002331,O00991,P003,3,0.05,99.72
S002332,O00358,P001,1,0.1,44.99
S002333,O00075,P005,2,0.0,179.98
S002334,O00355,P008,2,0.05,37.98
S002335,O00584,P002,2,0.0,399.98
S002336,O00771,P006,4,0.1,287.96
S002337,O00910,P006,1,0.0,79.99
S002338,O00188,P001,2,0.2,79.98
S002339,O00973,P010,2,0.05,113.98
S002340,O00685,P018,2,0.0,139.98
S002341,O00992,P002,1,0.15,169.99
S002342,O00290,P011,2,0.05,43.68
S002343,O00045,P012,2,0.05,68.38
S002344,O00573,P007,1,0.05,24.69
S002345,O00083,P013,4,0.0,75.96
S002346,O00123,P007,3,0.0,77.97
S002347,O00358,P009,2,0.0,29.98
S002348,O00528,P001,3,0.05,142.47
S002349,O00066,P012,4,0.0,143.96
S002350,O00936,P012,4,0.05,136.76
S002351,O00657,P001,2,0.0,99.98
S002352,O00375,P006,1,0.1,71.99
S002353,O00162,P020,4,0.0,159.96
S002354,O00746,P007,3,0.0,77.97
S002355,O00380,P009,3,0.05,42.72
S002356,O00656,P018,3,0.0,209.97
S002357,O00358,P013,3,0.2,45.58
S002358,O00188,P010,4,0.15,203.97
S002359,O00322,P016,2,0.05,75.98
S002360,O00450,P017,2,0.0,342.04
S002361,O00474,P007,3,0.0,77.97
S002362,O00013,P008,2,0.0,39.98
S002363,O00184,P006,3,0.1,215.97
S002364,O00111,P020,3,0.1,107.97
S002365,O00927,P013,1,0.2,15.19
S002366,O00508,P001,4,0.05,189.96
S002367,O00290,P017,4,0.0,59.96
S002368,O00295,P008,3,0.2,47.98
S002369,O00451,P001,4,0.15,169.97
S002370,O00904,P009,2,0.15,25.48
S002371,O00215,P007,3,0.2,62.38
S002372,O00974,P018,1,0.0,69.99
S002373,O00632,P003,2,0.1,62.98
S002374,O00894,P016,1,0.0,39.99
S002375,O00567,P009,1,0.05,14.24
S002376,O00027,P001,4,0.0,199.96
S002377,O00630,P020,4,0.05,151.96
S002378,O00733,P009,3,0.05,42.72
S002379,O00231,P005,4,0.0,359.96
S002380,O00565,P008,1,0.1,17.99
S002381,O00807,P017,1,0.0,14.99
S002382,O00321,P005,2,0.0,179.98
S002383,O00913,P003,1,0.2,27.99
S002384,O00233,P002,3,0.0,599.97
S002385,O00670,P005,3,0.0,269.97
S002386,O00437,P015,4,0.05,49.36
S002387,O00781,P008,4,0.1,71.96
S002388,O00533,P003,4,0.15,118.97
S002389,O00403,P002,3,0.0,599.97
S002390,O00053,P006,1,0.15,67.99
S002391,O00787,P019,4,0.05,493.96
S002392,O00313,P006,2,0.0,159.98
S002393,O00281,P020,4,0.15,135.97
S002394,O00726,P008,3,0.0,59.97
S002395,O00031,P003,4,0.0,139.96
S002396,O00337,P018,1,0.05,66.49
S002397,O00183,P007,4,0.15,88.37
S002398,O00023,P013,3,0.2,45.58
S002399,O00544,P020,3,0.0,119.97
S002400,O00446,P001,2,0.15,84.98
S002401,O00074,P002,3,0.2,479.98
S002402,O00010,P013,2,0.2,30.38
S002403,O00484,P004,1,0.15,25.49
S002404,O00456,P003,3,0.1,94.47
S002405,O00566,P001,4,0.15,169.97
S002406,O00564,P001,1,0.05,47.49
S002407,O00660,P015,4,0.2,41.57
S002408,O00160,P002,4,0.0,799.96
S002409,O00882,P008,4,0.05,75.96
S002410,O00014,P011,1,0.0,22.99
S002411,O00178,P007,1,0.0,25.99
S002412,O00412,P001,3,0.15,127.47
S002413,O00878,P015,4,0.1,46.76
S002414,O00053,P001,2,0.0,99.98
S002415,O00408,P014,3,0.1,121.47
S002416,O00847,P018,1,0.1,62.99
S002417,O00022,P007,2,0.1,46.78
S002418,O00030,P009,1,0.15,12.74
S002419,O00703,P008,2,0.0,39.98
S002420,O00260,P006,3,0.0,239.97
S002421,O00205,P018,2,0.2,111.98
S002422,O00059,P018,3,0.1,188.97
S002423,O00471,P006,1,0.2,63.99
S002424,O00776,P011,2,0.2,36.78
S002425,O00466,P019,4,0.0,519.96
S002426,O00012,P020,4,0.15,135.97
S002427,O00631,P009,1,0.15,12.74
S002428,O00927,P007,2,0.05,49.38
S002429,O00974,P004,4,0.2,95.97
S002430,O00290,P019,3,0.15,331.47
S002431,O00850,P002,2,0.1,359.98
S002432,O00760,P010,2,0.0,119.98
S002433,O00354,P004,4,0.1,107.96
S002434,O00639,P004,3,0.0,89.97
S002435,O00075,P007,3,0.15,66.27
S002436,O00873,P020,3,0.15,101.97
S002437,O00716,P001,2,0.05,94.98
S002438,O00561,P010,1,0.2,47.99
S002439,O00591,P001,2,0.0,99.98
S002440,O00441,P002,2,0.15,339.98
S002441,O00991,P007,4,0.05,98.76
S002442,O00241,P009,1,0.05,14.24
S002443,O00861,P004,3,0.0,89.97
S002444,O00154,P005,4,0.1,323.96
S002445,O00786,P001,2,0.1,89.98
S002446,O00096,P005,1,0.1,80.99
S002447,O00726,P020,3,0.0,119.97
S002448,O00294,P019,3,0.2,311.98
S002449,O00209,P006,2,0.2,127.98
S002450,O00343,P010,3,0.1,161.97
S002451,O00088,P018,3,0.0,209.97
S002452,O00818,P001,1,0.0,49.99
S002453,O00776,P016,4,0.2,127.97
S002454,O00937,P019,1,0.1,116.99
S002455,O00390,P001,4,0.0,199.96
S002456,O00325,P002,4,0.0,799.96
S002457,O00940,P019,4,0.1,467.96
S002458,O00889,P009,3,0.0,573.69
S002459,O00832,P001,1,0.15,42.49
S002460,O00157,P004,3,0.0,89.97
S002461,O00668,P007,2,0.05,49.38
S002462,O00651,P013,1,0.05,18.04
S002463,O00633,P014,4,0.0,179.96
S002464,O00577,P020,3,0.05,113.97
S002465,O00619,P004,3,0.2,71.98
S002466,O00659,P009,1,0.0,14.99
S002467,O00137,P009,1,0.0,14.99
S002468,O00923,P007,4,0.0,103.96
S002469,O00674,P002,4,0.1,719.96
S002470,O00428,P020,2,0.1,71.98
S002471,O00452,P017,4,0.0,59.96
S002472,O00612,P008,3,0.05,56.97
S002473,O00850,P011,2,0.15,39.08
S002474,O00911,P003,2,0.05,66.48
S002475,O00819,P009,2,0.2,23.98
S002476,O00141,P013,1,0.0,18.99
S002477,O00083,P009,4,0.15,50.97
S002478,O00177,P020,2,0.15,67.98
S002479,O00198,P011,1,0.05,21.84
S002480,O00624,P006,1,0.15,67.99
S002481,O00568,P015,2,0.15,22.08
S002482,O00972,P002,2,0.1,359.98
S002483,O00691,P006,3,0.0,239.97
S002484,O00421,P006,2,0.0,159.98
S002485,O00401,P007,3,0.05,74.07
S002486,O00698,P015,2,0.1,23.38
S002487,O00471,P008,2,0.2,31.98
S002488,O00218,P016,4,0.2,127.97
S002489,O00925,P010,2,0.0,119.98
S002490,O00929,P006,2,0.15,135.98
S002491,O00828,P016,3,0.15,101.97
S002492,O00987,P004,3,0.05,85.47
S002493,O00729,P003,4,0.0,139.96
S002494,O00632,P009,2,0.0,29.98
S002495,O00951,P004,2,0.05,56.98
S002496,O00906,P001,3,0.05,142.47
S002497,O00175,P011,1,0.1,20.69
S002498,O00023,P009,1,0.2,11.99
S002499,O00725,P007,1,0.05,24.69
S002500,O00917,P020,3,0.2,95.98
S002501,O00235,P010,3,0.0,179.97
S002502,O00013,P017,1,0.2,11.99
S002503,O00101,P002,1,0.1,179.99
S002504,O00929,P010,2,0.15,101.98
S002505,O00536,P018,3,0.15,178.47
S002506,O00876,P010,3,0.2,143.98
S002507,O00523,P013,1,0.15,16.14
S002508,O00785,P006,1,0.15,67.99
S002509,O00452,P001,4,0.0,199.96
S002510,O00431,P007,3,0.0,77.97
S002511,O00793,P006,4,0.1,287.96
S002512,O00606,P018,2,0.1,125.98
S002513,O00713,P004,4,0.15,101.97
S002514,O00533,P020,1,0.0,39.99
S002515,O00852,P019,3,0.1,350.97
S002516,O00979,P004,3,0.0,89.97
S002517,O00723,P006,4,0.05,303.96
S002518,O00652,P018,4,0.0,279.96
S002519,O00293,P020,2,0.15,67.98
S002520,O00810,P007,2,0.15,44.18
S002521,O00913,P005,1,0.0,89.99
S002522,O00101,P009,1,0.2,11.99
S002523,O00502,P012,1,0.1,32.39
S002524,O00304,P004,4,0.2,95.97
S002525,O00871,P014,4,0.2,143.97
S002526,O00540,P001,3,0.1,134.97
S002527,O00553,P001,1,0.1,44.99
S002528,O00355,P006,4,0.15,271.97
S002529,O00303,P006,3,0.1,215.97
S002530,O00496,P005,1,0.0,89.99
S002531,O00658,P008,2,0.0,39.98
S002532,O00768,P005,2,0.05,170.98
S002533,O00974,P003,4,0.1,125.96
S002534,O00227,P005,3,0.0,269.97
S002535,O00236,P020,2,0.05,75.98
S002536,O00873,P007,3,0.15,66.27
S002537,O00892,P007,3,0.1,70.17
S002538,O00455,P010,2,0.0,119.98
S002539,O00013,P020,3,0.0,119.97
S002540,O00210,P004,2,0.05,56.98
S002541,O00741,P012,4,0.0,143.96
S002542,O00397,P013,1,0.1,17.09
S002543,O00100,P011,1,0.0,22.99
S002544,O00031,P001,4,0.0,199.96
S002545,O00898,P012,2,0.0,71.98
S002546,O00528,P001,2,0.15,84.98
S002547,O00649,P010,2,0.0,119.98
S002548,O00329,P014,2,0.1,1013.78
S002549,O00166,P003,4,0.0,139.96
S002550,O00459,P016,1,0.1,35.99
S002551,O00822,P001,3,0.0,149.97
S002552,O00952,P016,3,0.15,101.97
S002553,O00982,P007,1,0.1,23.39
S002554,O00993,P003,4,0.2,111.97
S002555,O00100,P002,3,0.0,599.97
S002556,O00621,P019,1,0.0,129.99
S002557,O00855,P001,4,0.05,189.96
S002558,O00173,P003,3,0.15,89.22
S002559,O00749,P006,2,0.15,135.98
S002560,O00162,P011,2,0.2,36.78
S002561,O00905,P009,4,0.1,53.96
S002562,O00728,P002,2,0.0,399.98
S002563,O00776,P005,4,0.2,287.97
S002564,O00263,P004,1,0.05,28.49
S002565,O00804,P003,1,0.15,29.74
S002566,O00274,P007,3,0.0,77.97
S002567,O00003,P013,4,0.15,64.57
S002568,O00028,P003,3,0.2,83.98
S002569,O00326,P006,3,0.0,239.97
S002570,O00940,P006,1,0.0,79.99
S002571,O00149,P020,3,0.0,119.97
S002572,O00540,P019,2,0.15,220.98
S002573,O00488,P016,3,0.15,101.97
S002574,O00822,P004,4,0.05,113.96
S002575,O00438,P001,2,0.15,84.98
S002576,O00065,P005,1,0.0,89.99
S002577,O00356,P004,4,0.15,101.97
S002578,O00533,P009,2,0.1,26.98
S002579,O00252,P015,4,0.2,41.57
S002580,O00235,P017,2,0.0,29.98
S002581,O00227,P016,4,0.05,151.96
S002582,O00525,P006,4,0.1,287.96
S002583,O00313,P012,2,0.1,64.78
S002584,O00049,P005,1,0.2,71.99
S002585,O00118,P001,1,0.0,49.99
S002586,O00054,P013,4,0.0,75.96
S002587,O00650,P001,4,0.2,159.97
S002588,O00565,P007,1,0.1,23.39
S002589,O00044,P006,1,0.05,75.99
S002590,O00815,P013,3,0.2,45.58
S002591,O00053,P014,1,0.0,44.99
S002592,O00586,P005,4,0.1,323.96
S002593,O00558,P016,2,0.2,63.98
S002594,O00525,P005,1,0.0,89.99
S002595,O00677,P007,3,0.0,77.97
S002596,O00102,P013,3,0.0,56.97
S002597,O00792,P013,3,0.0,56.97
S002598,O00770,P020,2,0.0,79.98
S002599,O00982,P003,1,0.2,27.99
S002600,O00849,P012,1,0.0,35.99
S002601,O00868,P011,1,0.2,18.39
S002602,O00398,P018,2,0.2,111.98
S002603,O00138,P002,2,0.2,319.98
S002604,O00675,P014,4,0.1,161.96
S002605,O00921,P010,3,0.15,152.97
S002606,O00387,P004,3,0.0,89.97
S002607,O00111,P008,1,0.1,17.99
S002608,O00614,P006,2,0.0,159.98
S002609,O00017,P010,2,0.0,119.98
S002610,O00780,P018,1,0.0,69.99
S002611,O00182,P010,1,0.0,59.99
S002612,O00884,P011,4,0.15,78.17
S002613,O00536,P009,3,0.2,35.98
S002614,O00541,P001,3,0.05,142.47
S002615,O00171,P004,3,0.0,89.97
S002616,O00409,P008,4,0.15,67.97
S002617,O00740,P005,1,0.15,76.49
S002618,O00378,P003,1,0.05,33.24
S002619,O00188,P009,3,0.0,44.97
S002620,O00858,P005,3,0.2,215.98
S002621,O00230,P004,4,0.05,113.96
S002622,O00833,P008,2,0.05,37.98
S002623,O00852,P002,2,0.15,339.98
S002624,O00119,P019,3,0.0,389.97
S002625,O00156,P018,4,0.0,279.96
S002626,O00784,P013,3,0.2,45.58
S002627,O00687,P002,2,0.05,379.98
S002628,O00465,P015,3,0.2,31.18
S002629,O00104,P016,2,0.05,75.98
S002630,O00604,P014,2,0.0,89.98
S002631,O00698,P002,2,0.2,319.98
S002632,O00972,P011,1,0.0,22.99
S002633,O00795,P016,1,0.15,33.99
S002634,O00502,P010,3,0.0,179.97
S002635,O00693,P011,2,0.2,36.78
S002636,O00682,P007,1,0.1,23.39
S002637,O00699,P009,3,0.2,35.98
S002638,O00175,P001,3,0.05,142.47
S002639,O00734,P011,3,0.0,68.97
S002640,O00745,P001,3,0.0,149.97
S002641,O00674,P007,3,0.1,70.17
S002642,O00421,P005,4,0.15,305.97
S002643,O00134,P009,2,0.0,29.98
S002644,O00391,P002,3,0.05,569.97
S002645,O00992,P012,4,0.05,136.76
S002646,O00736,P016,2,0.0,79.98
S002647,O00501,P002,1,0.0,199.99
S002648,O00665,P002,3,0.0,599.97
S002649,O00033,P002,4,0.15,679.97
S002650,O00055,P018,1,0.15,59.49
S002651,O00954,P009,4,0.1,53.96
S002652,O00519,P008,2,0.05,37.98
S002653,O00756,P002,2,0.0,399.98
S002654,O00825,P011,1,0.15,19.54
S002655,O00638,P018,4,0.0,279.96
S002656,O00012,P016,3,0.0,119.97
S002657,O00528,P011,3,0.0,68.97
S002658,O00720,P001,1,0.2,39.99
S002659,O00555,P002,1,0.15,169.99
S002660,O00373,P001,1,0.15,42.49
S002661,O00484,P004,4,0.0,119.96
S002662,O00973,P002,3,0.15,509.97
S002663,O00647,P004,3,0.2,71.98
S002664,O00228,P006,3,0.0,239.97
S002665,O00623,P019,1,0.0,129.99
S002666,O00307,P011,3,0.1,62.07
S002667,O00457,P016,2,0.05,75.98
S002668,O00160,P013,1,0.0,18.99
S002669,O00331,P002,3,0.1,539.97
S002670,O00776,P014,4,0.0,179.96
S002671,O00225,P004,1,0.05,28.49
S002672,O00983,P011,2,0.0,45.98
S002673,O00729,P006,2,0.2,127.98
S002674,O00504,P020,4,0.0,159.96
S002675,O00456,P004,4,0.1,945.93
S002676,O00045,P004,1,0.0,29.99
S002677,O00214,P019,1,0.0,129.99
S002678,O00059,P001,2,0.15,84.98
S002679,O00644,P013,4,0.0,75.96
S002680,O00616,P013,1,0.0,18.99
S002681,O00195,P016,2,0.0,79.98
S002682,O00925,P020,4,0.2,127.97
S002683,O00489,P020,2,0.15,67.98
S002684,O00157,P001,3,0.15,127.47
S002685,O00610,P016,4,0.0,159.96
S002686,O00226,P011,1,0.2,18.39
S002687,O00412,P011,1,0.15,19.54
S002688,O00205,P002,3,0.05,569.97
S002689,O00079,P011,4,0.0,91.96
S002690,O00124,P020,2,0.05,75.98
S002691,O00471,P018,1,0.1,62.99
S002692,O00940,P007,3,0.05,74.07
S002693,O00218,P001,3,0.2,119.98
S002694,O00516,P006,4,0.0,319.96
S002695,O00602,P016,4,0.15,135.97
S002696,O00104,P013,1,0.2,15.19
S002697,O00393,P007,3,0.15,66.27
S002698,O00631,P001,2,0.0,99.98
S002699,O00645,P007,3,0.15,66.27
S002700,O00824,P008,2,0.05,37.98
S002701,O00608,P019,2,0.1,233.98
S002702,O00980,P011,1,0.0,22.99
S002703,O00434,P005,3,0.0,269.97
S002704,O00331,P009,2,0.05,28.48
S002705,O00143,P001,4,0.2,159.97
S002706,O00800,P020,2,0.05,75.98
S002707,O00540,P006,4,0.05,303.96
S002708,O00278,P008,4,0.0,79.96
S002709,O00233,P006,3,0.0,239.97
S002710,O00529,P012,4,0.15,122.37
S002711,O00571,P012,2,0.15,61.18
S002712,O00090,P013,4,0.2,60.77
S002713,O00492,P004,3,0.1,80.97
S002714,O00199,P005,1,0.2,71.99
S002715,O00362,P002,2,0.0,399.98
S002716,O00441,P012,2,0.15,61.18
S002717,O00026,P001,3,0.1,134.97
S002718,O00025,P011,3,0.2,55.18
S002719,O00394,P018,3,0.1,188.97
S002720,O00507,P018,3,0.05,199.47
S002721,O00301,P007,2,0.0,51.98
S002722,O00339,P007,1,0.05,24.69
S002723,O00267,P001,4,0.0,199.96
S002724,O00461,P012,4,0.15,122.37
S002725,O00693,P016,1,0.1,35.99
S002726,O00456,P004,1,0.2,23.99
S002727,O00360,P007,1,0.0,25.99
S002728,O00068,P016,3,0.2,95.98
S002729,O00863,P018,2,0.15,118.98
S002730,O00412,P004,2,0.1,53.98
S002731,O00971,P009,2,0.1,26.98
S002732,O00491,P003,3,0.05,99.72
S002733,O00833,P002,2,0.0,399.98
S002734,O00049,P018,3,0.0,209.97
S002735,O00687,P016,2,0.15,67.98
S002736,O00564,P014,1,0.1,40.49
S002737,O00102,P001,4,0.0,199.96
S002738,O00216,P016,4,0.0,159.96
S002739,O00438,P007,3,0.2,62.38
S002740,O00700,P006,2,0.15,135.98
S002741,O00569,P009,4,0.05,56.96
S002742,O00559,P001,1,0.2,39.99
S002743,O00159,P014,1,0.2,35.99
S002744,O00489,P010,1,0.0,59.99
S002745,O00686,P003,3,0.0,104.97
S002746,O00242,P003,3,0.0,104.97
S002747,O00794,P003,2,0.0,69.98
S002748,O00753,P001,1,0.1,44.99
S002749,O00882,P010,2,0.0,119.98
S002750,O00005,P016,2,0.0,79.98
S002751,O00596,P001,1,0.1,44.99
S002752,O00820,P001,2,0.0,99.98
S002753,O00361,P010,4,0.1,215.96
S002754,O00459,P016,3,0.0,119.97
S002755,O00248,P005,2,0.2,143.98
S002756,O00566,P006,1,0.15,67.99
S002757,O00673,P011,3,0.15,58.62
S002758,O00946,P004,3,0.0,89.97
S002759,O00422,P001,2,0.2,79.98
S002760,O00923,P014,4,0.0,179.96
S002761,O00738,P011,2,0.05,43.68
S002762,O00015,P010,4,0.1,215.96
S002763,O00736,P014,3,0.2,107.98
S002764,O00573,P012,2,0.0,71.98
S002765,O00122,P003,1,0.15,29.74
S002766,O00277,P006,2,0.15,135.98
S002767,O00558,P002,4,0.1,719.96
S002768,O00453,P002,4,0.05,759.96
S002769,O00390,P012,2,0.0,71.98
S002770,O00294,P017,4,0.0,59.96
S002771,O00574,P020,3,0.05,113.97
S002772,O00598,P011,2,0.05,43.68
S002773,O00446,P003,4,0.05,132.96
S002774,O00210,P002,2,0.15,339.98
S002775,O00590,P016,2,0.1,71.98
S002776,O00714,P010,1,0.2,47.99
S002777,O00302,P011,2,0.05,43.68
S002778,O00909,P015,1,0.1,11.69
S002779,O00223,P013,4,0.0,75.96
S002780,O00734,P016,1,0.0,39.99
S002781,O00003,P001,1,0.0,49.99
S002782,O00990,P014,1,0.0,44.99
S002783,O00518,P017,3,0.0,44.97
S002784,O00093,P004,1,0.2,23.99
S002785,O00520,P011,2,0.05,43.68
S002786,O00428,P005,1,0.05,85.49
S002787,O00493,P019,2,0.2,207.98
S002788,O00235,P001,1,0.15,42.49
S002789,O00620,P010,3,0.0,179.97
S002790,O00161,P002,4,0.05,759.96
S002791,O00721,P013,1,0.0,18.99
S002792,O00752,P003,1,0.1,31.49
S002793,O00331,P004,3,0.0,89.97
S002794,O00333,P008,1,0.0,19.99
S002795,O00050,P018,2,0.0,139.98
S002796,O00523,P003,1,0.1,31.49
S002797,O00863,P002,1,0.0,199.99
S002798,O00668,P014,4,0.1,161.96
S002799,O00492,P009,4,0.05,56.96
S002800,O00582,P018,1,0.2,55.99
S002801,O00681,P002,3,0.05,569.97
S002802,O00272,P011,4,0.2,73.57
S002803,O00580,P004,1,0.05,28.49
S002804,O00867,P002,4,0.1,719.96
S002805,O00252,P012,1,0.1,32.39
S002806,O00560,P010,4,0.1,215.96
S002807,O00696,P014,4,0.0,179.96
S002808,O00832,P005,2,0.1,161.98
S002809,O00699,P007,1,0.05,24.69
S002810,O00090,P007,1,0.0,25.99
S002811,O00446,P020,1,0.1,35.99
S002812,O00332,P005,1,0.0,89.99
S002813,O00139,P005,4,0.2,287.97
S002814,O00357,P006,2,0.05,151.98
S002815,O00601,P010,2,0.1,107.98
S002816,O00274,P004,3,0.0,89.97
S002817,O00019,P018,1,0.0,69.99
S002818,O00983,P004,3,0.2,71.98
S002819,O00311,P018,4,0.0,279.96
S002820,O00870,P002,3,0.15,509.97
S002821,O00886,P012,1,0.0,35.99
S002822,O00978,P018,2,0.0,139.98
S002823,O00154,P002,2,0.0,399.98
S002824,O00390,P020,1,0.05,37.99
S002825,O00260,P007,4,0.0,103.96
S002826,O00620,P019,1,0.0,129.99
S002827,O00883,P012,4,0.1,129.56
S002828,O00797,P005,2,0.2,143.98
S002829,O00571,P003,4,0.0,139.96
S002830,O00125,P005,1,0.15,76.49
S002831,O00354,P001,1,0.15,42.49
S002832,O00273,P002,1,0.0,199.99
S002833,O00619,P002,4,0.0,799.96
S002834,O00811,P007,4,0.0,103.96
S002835,O00245,P016,4,0.0,159.96
S002836,O00848,P002,2,0.0,399.98
S002837,O00450,P002,3,0.1,539.97
S002838,O00930,P011,3,0.15,58.62
S002839,O00247,P003,1,0.0,34.99
S002840,O00520,P002,2,0.15,339.98
S002841,O00141,P002,4,0.0,799.96
S002842,O00362,P019,1,0.15,110.49
S002843,O00008,P016,2,0.0,79.98
S002844,O00478,P006,1,0.15,67.99
S002845,O00352,P012,2,0.15,61.18
S002846,O00996,P009,2,0.0,29.98
S002847,O00495,P012,3,0.2,86.38
S002848,O00606,P012,1,0.0,35.99
S002849,O00833,P011,4,0.0,91.96
S002850,O00427,P004,3,0.0,89.97
S002851,O00039,P001,3,0.0,149.97
S002852,O00593,P007,4,0.05,98.76
S002853,O00187,P018,2,0.2,111.98
S002854,O00596,P010,4,0.05,227.96
S002855,O00600,P016,1,0.05,37.99
S002856,O00754,P020,4,0.0,159.96
S002857,O00854,P002,2,0.0,399.98
S002858,O00093,P012,4,0.0,143.96
S002859,O00086,P012,2,0.0,71.98
S002860,O00044,P020,2,0.0,79.98
S002861,O00137,P020,1,0.05,37.99
S002862,O00421,P012,4,0.15,122.37
S002863,O00074,P004,4,0.15,101.97
S002864,O00548,P016,1,0.2,31.99
S002865,O00613,P002,2,0.1,359.98
S002866,O00988,P015,4,0.2,41.57
S002867,O00512,P018,1,0.0,69.99
S002868,O00156,P006,2,0.05,151.98
S002869,O00938,P011,1,0.0,22.99
S002870,O00255,P007,4,0.0,103.96
S002871,O00171,P007,1,0.15,22.09
S002872,O00981,P005,3,0.0,269.97
S002873,O00728,P014,2,0.0,89.98
S002874,O00170,P019,3,0.1,350.97
S002875,O00764,P019,3,0.05,370.47
S002876,O00872,P003,2,0.0,69.98
S002877,O00322,P018,2,0.1,125.98
S002878,O00567,P014,1,0.0,44.99
S002879,O00456,P004,2,0.15,50.98
S002880,O00944,P001,3,0.0,149.97
S002881,O00603,P004,3,0.15,76.47
S002882,O00790,P018,4,0.1,251.96
S002883,O00613,P011,2,0.05,43.68
S002884,O00155,P013,3,0.0,56.97
S002885,O00889,P004,4,0.0,119.96
S002886,O00349,P013,4,0.15,64.57
S002887,O00451,P001,1,0.1,44.99
S002888,O00876,P006,3,0.15,203.97
S002889,O00653,P011,1,0.0,22.99
S002890,O00173,P002,3,0.0,599.97
S002891,O00010,P016,1,0.05,37.99
S002892,O00740,P004,1,0.0,29.99
S002893,O00265,P011,2,0.0,45.98
S002894,O00438,P007,1,0.15,22.09
S002895,O00760,P010,2,0.0,119.98
S002896,O00247,P002,4,0.1,719.96
S002897,O00667,P001,3,0.15,127.47
S002898,O00546,P018,4,0.05,265.96
S002899,O00499,P004,3,0.05,85.47
S002900,O00129,P016,4,0.0,159.96
S002901,O00672,P020,3,0.0,119.97
S002902,O00601,P003,1,0.0,34.99
S002903,O00605,P004,3,0.2,71.98
S002904,O00327,P012,3,0.0,107.97
S002905,O00753,P020,4,0.0,159.96
S002906,O00835,P018,4,0.15,237.97
S002907,O00980,P009,4,0.15,50.97
S002908,O00404,P016,2,0.2,63.98
S002909,O00629,P002,2,0.2,319.98
S002910,O00606,P020,3,0.0,119.97
S002911,O00675,P020,3,0.1,107.97
S002912,O00611,P002,1,0.0,199.99
S002913,O00625,P005,1,0.15,76.49
S002914,O00359,P002,3,0.2,479.98
S002915,O00603,P004,2,0.15,50.98
S002916,O00858,P016,3,0.15,101.97
S002917,O00718,P006,1,0.2,63.99
S002918,O00017,P001,2,0.0,99.98
S002919,O00274,P006,2,0.2,127.98
S002920,O00685,P020,1,0.2,31.99
S002921,O00116,P011,3,0.1,62.07
S002922,O00861,P007,4,0.2,83.17
S002923,O00980,P002,3,0.05,569.97
S002924,O00693,P020,3,0.2,95.98
S002925,O00091,P016,1,0.15,33.99
S002926,O00082,P004,2,0.0,59.98
S002927,O00324,P001,1,0.15,42.49
S002928,O00961,P001,3,0.1,134.97
S002929,O00114,P002,4,0.05,759.96
S002930,O00769,P010,4,0.2,191.97
S002931,O00058,P019,4,0.0,519.96
S002932,O00154,P008,1,0.0,19.99
S002933,O00877,P016,2,0.2,63.98
S002934,O00404,P007,1,0.0,25.99
S002935,O00628,P013,4,0.0,75.96
S002936,O00855,P014,3,0.0,134.97
S002937,O00266,P003,2,0.1,62.98
S002938,O00315,P006,1,0.1,71.99
S002939,O00715,P011,1,0.0,22.99
S002940,O00041,P001,2,0.15,1052.59
S002941,O00105,P006,2,0.0,159.98
S002942,O00901,P009,3,0.2,35.98
S002943,O00890,P020,2,0.0,79.98
S002944,O00193,P008,3,0.05,56.97
S002945,O00401,P016,4,0.2,127.97
S002946,O00278,P007,4,0.2,83.17
S002947,O00354,P016,1,0.2,31.99
S002948,O00749,P010,4,0.0,239.96
S002949,O00937,P018,4,0.0,279.96
S002950,O00733,P007,3,0.1,70.17
S002951,O00580,P011,1,0.2,18.39
S002952,O00709,P011,2,0.15,39.08
S002953,O00256,P007,1,0.1,23.39
S002954,O00651,P002,4,0.0,799.96
S002955,O00824,P001,2,0.0,99.98
S002956,O00947,P001,1,0.0,49.99
S002957,O00661,P018,1,0.2,55.99
S002958,O00099,P004,1,0.0,29.99
S002959,O00588,P003,1,0.1,31.49
S002960,O00282,P014,3,0.1,121.47
S002961,O00883,P005,1,0.0,89.99
S002962,O00403,P009,4,0.1,53.96
S002963,O00109,P002,4,0.15,679.97
S002964,O00700,P019,3,0.1,350.97
S002965,O00199,P017,2,0.05,28.48
S002966,O00303,P017,2,0.0,29.98
S002967,O00327,P007,4,0.1,93.56
S002968,O00154,P014,4,0.05,170.96
S002969,O00552,P002,3,0.0,599.97
S002970,O00645,P001,2,0.1,89.98
S002971,O00405,P001,2,0.15,84.98
S002972,O00462,P010,1,0.0,59.99
S002973,O00132,P007,1,0.2,20.79
S002974,O00791,P009,1,0.1,13.49
S002975,O00874,P001,3,0.0,149.97
S002976,O00084,P007,4,0.05,98.76
S002977,O00399,P013,3,0.05,54.12
S002978,O00754,P007,2,0.0,51.98
S002979,O00628,P014,4,0.0,179.96
S002980,O00109,P004,1,0.2,23.99
S002981,O00221,P016,3,0.15,101.97
S002982,O00904,P010,3,0.05,170.97
S002983,O00553,P003,1,0.0,34.99
S002984,O00368,P004,3,0.15,76.47
S002985,O00147,P011,1,0.05,21.84
S002986,O00112,P016,2,0.2,63.98
S002987,O00615,P007,4,0.0,103.96
S002988,O00558,P004,2,0.2,47.98
S002989,O00924,P018,2,0.0,139.98
S002990,O00494,P012,1,0.2,28.79
S002991,O00505,P007,3,0.15,66.27
S002992,O00475,P008,2,0.0,39.98
S002993,O00836,P003,2,0.0,69.98
S002994,O00890,P011,2,0.1,41.38
S002995,O00271,P006,3,0.0,239.97
S002996,O00995,P020,3,0.15,101.97
S002997,O00421,P008,1,0.1,17.99
S002998,O00897,P008,2,0.0,39.98
S002999,O00707,P010,4,0.1,215.96
S003000,O00367,P018,3,0.05,199.47
